datetime,fr_pr,uc_pr,hm_pr,fruchm_avg_pr
01/10/2005,16,11.3,7.4,11.6
02/10/2005,0,0,0,0
03/10/2005,0.8,0.5,0,0.4
04/10/2005,0.5,0.4,0,0.3
05/10/2005,0.1,0.1,0,0.1
06/10/2005,0,0,0,0
07/10/2005,0.1,0.1,0,0.1
08/10/2005,0,0,0,0
09/10/2005,0,0,0,0
10/10/2005,0,0,0,0
11/10/2005,0.6,0.4,0,0.3
12/10/2005,0,0,0,0
13/10/2005,1.4,1,0,0.8
14/10/2005,0,0,0,0
15/10/2005,1.3,0.9,0,0.7
16/10/2005,2.1,1.5,0,1.2
17/10/2005,28.8,20.3,9,19.4
18/10/2005,0.4,0.3,0.2,0.3
19/10/2005,0,0,0,0
20/10/2005,14,9.9,6.5,10.1
21/10/2005,0.4,0.3,0.5,0.4
22/10/2005,0.4,0.3,0,0.2
23/10/2005,0.1,0.1,0,0.1
24/10/2005,0,0,0,0
25/10/2005,0,0,0,0
26/10/2005,0.5,0.4,0.1,0.3
27/10/2005,6.2,4.3,2.1,4.2
28/10/2005,0.5,0.4,0.1,0.3
29/10/2005,0.4,0.3,0.2,0.3
30/10/2005,0.3,0.2,0.1,0.2
31/10/2005,1.8,1.3,0.6,1.2
01/11/2005,9.7,6.4,2.7,6.3
02/11/2005,1.2,0.8,3.9,2
03/11/2005,0.1,0.1,0.1,0.1
04/11/2005,0.3,0.2,0,0.2
05/11/2005,0.5,0.3,0,0.3
06/11/2005,3.5,2.3,1.4,2.4
07/11/2005,0.2,0.1,0,0.1
08/11/2005,0.2,0.1,0,0.1
09/11/2005,0.2,0.1,0,0.1
10/11/2005,1.5,1,0.1,0.9
11/11/2005,14.5,9.6,10.9,11.7
12/11/2005,1.1,0.7,0.4,0.7
13/11/2005,0,0,0,0
14/11/2005,2.7,1.8,0.5,1.7
15/11/2005,0.1,0.1,0,0.1
16/11/2005,0,0,0,0
17/11/2005,0,0,0,0
18/11/2005,0.7,0.3,0.3,0.4
19/11/2005,0,0,0,0
20/11/2005,0.1,0.1,0,0.1
21/11/2005,0.3,0.2,0.1,0.2
22/11/2005,0,0,0,0
23/11/2005,0.2,0.1,0,0.1
24/11/2005,0,0,0,0
25/11/2005,0,0,0,0
26/11/2005,0.9,0.6,1.1,0.9
27/11/2005,12.6,8.3,4.1,8.3
28/11/2005,2.5,1.7,0.7,1.6
29/11/2005,2.8,1.9,1,1.9
30/11/2005,1,0.7,0.6,0.8
01/12/2005,1.4,0.9,1,1.1
02/12/2005,1.8,1.2,0.7,1.2
03/12/2005,0.1,0.1,0,0.1
04/12/2005,0.2,0.1,0,0.1
05/12/2005,6.5,4.3,3.1,4.6
06/12/2005,0.4,0.2,0.1,0.2
07/12/2005,0,0,0,0
08/12/2005,0,0,0,0
09/12/2005,0.5,0.3,0,0.3
10/12/2005,0,0,0,0
11/12/2005,0.2,0.1,0,0.1
12/12/2005,0.4,0.3,0.1,0.3
13/12/2005,10.7,7,2.5,6.7
14/12/2005,0.1,0.1,0,0.1
15/12/2005,0.1,0.1,0,0.1
16/12/2005,0.2,0.2,0,0.1
17/12/2005,0,0,0,0
18/12/2005,0,0,0,0
19/12/2005,0,0,0,0
20/12/2005,1.7,1.1,0,0.9
21/12/2005,0.5,0.3,0,0.3
22/12/2005,0.4,0.2,0,0.2
23/12/2005,0.8,0.6,0,0.5
24/12/2005,0,0,0,0
25/12/2005,0.9,0.6,0,0.5
26/12/2005,0.2,0.1,0,0.1
27/12/2005,0.2,0.1,0,0.1
28/12/2005,0.2,0.1,0,0.1
29/12/2005,0.1,0.1,0,0.1
30/12/2005,0,0,0,0
31/12/2005,0,0,0,0
01/01/2006,0,0,0,0
02/01/2006,0,0,0,0
03/01/2006,0.2,0.1,0,0.1
04/01/2006,0,0,0,0
05/01/2006,0.2,0.1,0,0.1
06/01/2006,7.7,5,1,4.6
07/01/2006,1.3,0.9,0.3,0.8
08/01/2006,0.1,0.1,0,0.1
09/01/2006,1.6,1,1,1.2
10/01/2006,1.1,0.7,0.3,0.7
11/01/2006,6.4,4.2,1.7,4.1
12/01/2006,0.3,0.2,0,0.2
13/01/2006,2.3,1.5,1,1.6
14/01/2006,1.8,1.2,0.8,1.3
15/01/2006,0.4,0.3,0.6,0.4
16/01/2006,0,0,0,0
17/01/2006,0.3,0.2,0,0.2
18/01/2006,0,0,0,0
19/01/2006,0.2,0.1,0,0.1
20/01/2006,1.4,0.9,0,0.8
21/01/2006,0,0,0,0
22/01/2006,0,0,0,0
23/01/2006,0,0,0,0
24/01/2006,0,0,0,0
25/01/2006,0.1,0.1,0,0.1
26/01/2006,5.1,3.3,0.6,3
27/01/2006,0.1,0.1,0.2,0.1
28/01/2006,0.1,0.1,0,0.1
29/01/2006,0,0,0.2,0.1
30/01/2006,6,3.9,2.9,4.3
31/01/2006,1.8,1.2,1.1,1.4
01/02/2006,1,0.6,0,0.5
02/02/2006,0,0,0.3,0.1
03/02/2006,0,0,0,0
04/02/2006,1.2,0.8,0,0.7
05/02/2006,0.1,0.1,0,0.1
06/02/2006,0,0,0,0
07/02/2006,0,0,0,0
08/02/2006,2.1,1.4,0.5,1.3
09/02/2006,0,0,0,0
10/02/2006,0,0,0.1,0
11/02/2006,0,0,0,0
12/02/2006,0,0,0,0
13/02/2006,1.2,0.8,0.4,0.8
14/02/2006,2.9,1.9,3,2.6
15/02/2006,7.1,4.7,2,4.6
16/02/2006,3.4,2.2,1.9,2.5
17/02/2006,0,0,0,0
18/02/2006,0,0,0,0
19/02/2006,0,0,0,0
20/02/2006,0,0,0,0
21/02/2006,0,0,0,0
22/02/2006,2.4,1.6,0.6,1.5
23/02/2006,10.3,6.8,4.3,7.1
24/02/2006,1.3,0.8,0.7,0.9
25/02/2006,0,0,0,0
26/02/2006,0.1,0.1,0,0.1
27/02/2006,2,1.3,1.8,1.7
28/02/2006,10,6.6,6.3,7.6
01/03/2006,0,0,0,0
02/03/2006,0.2,0.1,0.2,0.2
03/03/2006,1.1,0.7,0,0.6
04/03/2006,0,0,0,0
05/03/2006,0,0,0,0
06/03/2006,0,0,0,0
07/03/2006,2.1,1.4,0.6,1.4
08/03/2006,0,0,0.1,0
09/03/2006,0.4,0.3,0,0.2
10/03/2006,0,0,0.2,0.1
11/03/2006,1.5,1,0.7,1.1
12/03/2006,0.6,0.4,0,0.3
13/03/2006,0,0,0,0
14/03/2006,0,0,0,0
15/03/2006,0,0,0,0
16/03/2006,0,0,0,0
17/03/2006,0,0,0,0
18/03/2006,1.9,1.3,3.1,2.1
19/03/2006,0.6,0.4,0.4,0.5
20/03/2006,0,0,0,0
21/03/2006,0,0,0,0
22/03/2006,0,0,0,0
23/03/2006,0,0,0,0
24/03/2006,0,0,0,0
25/03/2006,0,0,0,0
26/03/2006,7,4.6,3,4.9
27/03/2006,0,0,0,0
28/03/2006,0.2,0.1,0,0.1
29/03/2006,0.1,0.1,0,0.1
30/03/2006,0.4,0.2,0,0.2
31/03/2006,0,0,0,0
01/04/2006,0,0,0,0
02/04/2006,0,0,0,0
03/04/2006,0,0,0,0
04/04/2006,0,0,0,0
05/04/2006,3.5,2.4,1.9,2.6
06/04/2006,6.1,4.2,3.5,4.6
07/04/2006,0,0,0,0
08/04/2006,0,0,0,0
09/04/2006,0,0,0,0
10/04/2006,24,16.2,15.8,18.7
11/04/2006,18.4,12.4,11.6,14.1
12/04/2006,7.7,5.2,4.3,5.7
13/04/2006,0.6,0.4,0.6,0.5
14/04/2006,1.8,1.2,1.2,1.4
15/04/2006,6.5,4.4,2,4.3
16/04/2006,1.4,0.9,0.8,1
17/04/2006,0,0,0,0
18/04/2006,0,0,0,0
19/04/2006,0,0,0,0
20/04/2006,0,0,0,0
21/04/2006,0,0,0,0
22/04/2006,10,6.8,5.2,7.3
23/04/2006,0,0,0,0
24/04/2006,0,0,0,0
25/04/2006,0,0,0,0
26/04/2006,0,0,0,0
27/04/2006,0,0,0,0
28/04/2006,0,0,0,0
29/04/2006,0.7,0.5,0,0.4
30/04/2006,22.4,15.1,14.8,17.4
01/05/2006,12.2,8.2,3.3,7.9
02/05/2006,2.7,1.8,2.1,2.2
03/05/2006,0,0,0,0
04/05/2006,0,0,0,0
05/05/2006,0,0,0,0
06/05/2006,0,0,0,0
07/05/2006,0,0,0.1,0
08/05/2006,0.2,0.1,0.4,0.2
09/05/2006,0,0,0,0
10/05/2006,0,0,0,0
11/05/2006,0,0,0,0
12/05/2006,0.6,0.4,0.1,0.4
13/05/2006,0,0,0,0
14/05/2006,0,0,0,0
15/05/2006,0,0,0,0
16/05/2006,0,0,0,0
17/05/2006,0,0,0,0
18/05/2006,0.2,0.2,0,0.1
19/05/2006,0.8,0.6,0,0.5
20/05/2006,1.6,1.1,1.3,1.3
21/05/2006,0,0,0,0
22/05/2006,14.2,9.6,3.4,9.1
23/05/2006,0,0,2.3,0.8
24/05/2006,0,0,0,0
25/05/2006,0.1,0.1,0.1,0.1
26/05/2006,26.2,17.7,15.7,19.9
27/05/2006,8.4,5.7,5.4,6.5
28/05/2006,3.1,2.1,0.7,2
29/05/2006,2.8,1.9,0.9,1.9
30/05/2006,0,0,0,0
31/05/2006,0,0,0,0
01/06/2006,0,0,0,0
02/06/2006,1.3,1,0,0.8
03/06/2006,2.6,2.1,1.2,2
04/06/2006,0,0,0,0
05/06/2006,0.9,0.7,0.6,0.7
06/06/2006,0,0,0,0
07/06/2006,0,0,0,0
08/06/2006,15.5,12.1,9.1,12.2
09/06/2006,6,4.7,2.7,4.5
10/06/2006,1,0.8,0.8,0.9
11/06/2006,9.1,7.1,7.8,8
12/06/2006,0.2,0.2,0,0.1
13/06/2006,0,0,0,0
14/06/2006,23.9,18.6,21.8,21.4
15/06/2006,75,58.4,37.3,56.9
16/06/2006,3.1,2.4,1.2,2.2
17/06/2006,0.7,0.5,0.1,0.4
18/06/2006,0,0,0,0
19/06/2006,9.4,7.3,0.9,5.9
20/06/2006,12.6,9.8,15,12.5
21/06/2006,0,0,0,0
22/06/2006,0.9,0.7,0.6,0.7
23/06/2006,0,0,0.7,0.2
24/06/2006,0,0,0,0
25/06/2006,0,0,0,0
26/06/2006,0,0,0,0
27/06/2006,0,0,0,0
28/06/2006,0.1,0.1,0,0.1
29/06/2006,0.1,0.1,0.1,0.1
30/06/2006,0.1,0.1,0,0.1
01/07/2006,2.1,1.6,1.5,1.7
02/07/2006,2.2,1.7,2.5,2.1
03/07/2006,0.2,0.1,0.6,0.3
04/07/2006,2.3,1.8,0.1,1.4
05/07/2006,0,0,0,0
06/07/2006,0,0,0,0
07/07/2006,0,0,0,0
08/07/2006,0,0,0,0
09/07/2006,11.9,9.3,7,9.4
10/07/2006,16.9,13.2,9.9,13.3
11/07/2006,0,0,0,0
12/07/2006,1.3,1,0.3,0.9
13/07/2006,0.3,0.2,0,0.2
14/07/2006,0.2,0.1,0.3,0.2
15/07/2006,0,0,0,0
16/07/2006,0,0,0,0
17/07/2006,0,0,0.2,0.1
18/07/2006,9.9,7.7,3.2,6.9
19/07/2006,0,0,0,0
20/07/2006,0,0,0,0
21/07/2006,0.1,0.1,0,0.1
22/07/2006,0,0,0,0
23/07/2006,10.7,8.3,4.4,7.8
24/07/2006,9.8,7.6,3.1,6.8
25/07/2006,0.1,0.1,0,0.1
26/07/2006,0,0,0,0
27/07/2006,0,0,0,0
28/07/2006,1.5,1.2,6.2,3
29/07/2006,0,0,0,0
30/07/2006,5,3.9,0.9,3.3
31/07/2006,0,0,0.2,0.1
01/08/2006,0,0,0.7,0.2
02/08/2006,0,0,0.5,0.2
03/08/2006,0,0,0.5,0.2
04/08/2006,0,0,0.2,0.1
05/08/2006,0,0,0.5,0.2
06/08/2006,0,0,0.2,0.1
07/08/2006,0,0,0.4,0.1
08/08/2006,0,0,0,0
09/08/2006,8.2,6.4,1.7,5.4
10/08/2006,14,10.9,4.4,9.8
11/08/2006,29.2,22.7,13.9,21.9
12/08/2006,3.4,2.7,2.2,2.8
13/08/2006,0,0,0.1,0
14/08/2006,0,0,0,0
15/08/2006,0.1,0.1,0,0.1
16/08/2006,1.7,1.3,7.4,3.5
17/08/2006,0,0,0,0
18/08/2006,0,0,0,0
19/08/2006,0.1,0.1,0,0.1
20/08/2006,0,0,0,0
21/08/2006,0.2,0.1,0,0.1
22/08/2006,1.7,1.3,0,1
23/08/2006,16.2,12.6,8,12.3
24/08/2006,0,0,0.2,0.1
25/08/2006,0,0,0.1,0
26/08/2006,0,0,0,0
27/08/2006,0,0,0.4,0.1
28/08/2006,0.1,0.1,0,0.1
29/08/2006,1.7,1.3,1.3,1.4
30/08/2006,9.7,7.6,5.6,7.6
31/08/2006,0.2,0.1,0.3,0.2
01/09/2006,0,0,0.1,0
02/09/2006,0.2,0.1,0.1,0.1
03/09/2006,0.1,0.1,0.1,0.1
04/09/2006,0.1,0.1,0.7,0.3
05/09/2006,0.1,0.1,0.5,0.2
06/09/2006,0.1,0.1,0.4,0.2
07/09/2006,0,0,0.2,0.1
08/09/2006,0.2,0.1,0.1,0.1
09/09/2006,0.1,0.1,0.1,0.1
10/09/2006,0.1,0.1,0,0.1
11/09/2006,0,0,0.1,0
12/09/2006,0,0,0.4,0.1
13/09/2006,26.6,18.7,17.9,21.1
14/09/2006,81.8,57.7,49.5,63
15/09/2006,16.1,11.4,21.3,16.3
16/09/2006,3.3,2.3,3.1,2.9
17/09/2006,0,0,0.4,0.1
18/09/2006,0.5,0.3,0.4,0.4
19/09/2006,0,0,0,0
20/09/2006,0.7,0.5,0.3,0.5
21/09/2006,2.4,1.7,2.4,2.2
22/09/2006,1.5,1.1,0.8,1.1
23/09/2006,0.2,0.2,0,0.1
24/09/2006,0,0,0,0
25/09/2006,0,0,0,0
26/09/2006,6.7,4.7,2,4.5
27/09/2006,0.1,0.1,0,0.1
28/09/2006,0,0,0,0
29/09/2006,0,0,0,0
30/09/2006,0.1,0.1,0,0.1
01/10/2006,0.1,0.1,0.2,0.1
02/10/2006,0.3,0.2,0.1,0.2
03/10/2006,0,0,0,0
04/10/2006,0,0,0,0
05/10/2006,0,0,0.1,0
06/10/2006,1,0.7,0.4,0.7
07/10/2006,9.4,6.6,2.2,6.1
08/10/2006,0,0,0,0
09/10/2006,0,0,0,0
10/10/2006,0,0,0,0
11/10/2006,0,0,0,0
12/10/2006,0,0,0,0
13/10/2006,0,0,0,0
14/10/2006,0,0,0,0
15/10/2006,0,0,1,0.3
16/10/2006,4.8,3.3,7.1,5.1
17/10/2006,0.9,0.6,1.1,0.9
18/10/2006,0,0,0,0
19/10/2006,0.5,0.3,0.7,0.5
20/10/2006,3,2.1,4.1,3.1
21/10/2006,0,0,0.1,0
22/10/2006,0,0,0.1,0
23/10/2006,0,0,0.1,0
24/10/2006,1.7,0.9,1.1,1.2
25/10/2006,0,0,0,0
26/10/2006,0.6,0.3,0,0.3
27/10/2006,0.4,0.3,1.7,0.8
28/10/2006,0,0,0,0
29/10/2006,23.5,16.4,20.5,20.1
30/10/2006,0,0,0.3,0.1
31/10/2006,0,0,0.1,0
01/11/2006,0,0,0.9,0.3
02/11/2006,0,0,0,0
03/11/2006,0.3,0.2,0.3,0.3
04/11/2006,0,0,0.1,0
05/11/2006,2.6,1.5,0.9,1.7
06/11/2006,13.8,8.6,3.6,8.7
07/11/2006,30.8,19,12.3,20.7
08/11/2006,4.8,3,1,2.9
09/11/2006,4.1,2.7,0.6,2.5
10/11/2006,0.1,0.1,0,0.1
11/11/2006,0.5,0.2,0,0.2
12/11/2006,1.9,1.2,1,1.4
13/11/2006,4.3,2.5,0.4,2.4
14/11/2006,0,0,0,0
15/11/2006,1.4,0.6,1.1,1
16/11/2006,5.3,2.2,1.6,3
17/11/2006,0,0,0.2,0.1
18/11/2006,0.2,0.1,0,0.1
19/11/2006,0.5,0.3,0.2,0.3
20/11/2006,15.6,9.7,6.2,10.5
21/11/2006,7.7,4.6,3.4,5.2
22/11/2006,3.9,2.2,0.5,2.2
23/11/2006,8.4,4.6,3.7,5.6
24/11/2006,4.8,2.9,1.8,3.2
25/11/2006,3.3,2.2,1.5,2.3
26/11/2006,5.5,3.6,2.4,3.8
27/11/2006,2.3,1.5,0.6,1.5
28/11/2006,0.1,0.1,0,0.1
29/11/2006,0,0,0,0
30/11/2006,0.9,0.3,0,0.4
01/12/2006,0.2,0.1,0,0.1
02/12/2006,0.2,0.1,0,0.1
03/12/2006,0,0,0,0
04/12/2006,0,0,0,0
05/12/2006,0,0,0,0
06/12/2006,0.3,0.2,0,0.2
07/12/2006,0,0,0.5,0.2
08/12/2006,0,0,1,0.3
09/12/2006,0.1,0.1,0.4,0.2
10/12/2006,0,0,0,0
11/12/2006,0,0,0,0
12/12/2006,7.5,4.4,2.9,4.9
13/12/2006,1.8,0.7,0.2,0.9
14/12/2006,2.9,1.3,0.6,1.6
15/12/2006,7.2,3.6,2.5,4.4
16/12/2006,0,0,0,0
17/12/2006,0,0,0,0
18/12/2006,0,0,0,0
19/12/2006,0.1,0.1,0,0.1
20/12/2006,0,0,0,0
21/12/2006,1.4,0.6,0,0.7
22/12/2006,0.2,0.1,0,0.1
23/12/2006,0,0,0,0
24/12/2006,0,0,0,0
25/12/2006,3.6,2.3,0,2
26/12/2006,1.3,0.9,0,0.7
27/12/2006,16.9,11,8.3,12.1
28/12/2006,1.2,0.8,0.6,0.9
29/12/2006,0,0,0,0
30/12/2006,0.4,0.1,0,0.2
31/12/2006,0,0,0.4,0.1
01/01/2007,0,0,0,0
02/01/2007,9.5,4.5,2.9,5.6
03/01/2007,2.5,1.4,0.8,1.6
04/01/2007,0,0,0.6,0.2
05/01/2007,1,0.4,0,0.5
06/01/2007,1.3,0.7,0.1,0.7
07/01/2007,2.2,1,0,1.1
08/01/2007,1.3,0.6,0.2,0.7
09/01/2007,12.3,6.4,4.9,7.9
10/01/2007,13,7.5,6.9,9.1
11/01/2007,0.4,0.3,0.5,0.4
12/01/2007,0,0,0.1,0
13/01/2007,3.3,2.1,2,2.5
14/01/2007,0,0,0.4,0.1
15/01/2007,0,0,0,0
16/01/2007,0.2,0.1,0.2,0.2
17/01/2007,0.3,0.2,0.2,0.2
18/01/2007,0.4,0.2,0.2,0.3
19/01/2007,0,0,0,0
20/01/2007,0.3,0.2,0.2,0.2
21/01/2007,0.6,0.3,0.3,0.4
22/01/2007,0,0,0,0
23/01/2007,0,0,0.1,0
24/01/2007,0,0,0.1,0
25/01/2007,0.2,0.1,0.4,0.2
26/01/2007,0.2,0.1,0.7,0.3
27/01/2007,0,0,0.5,0.2
28/01/2007,0,0,0.8,0.3
29/01/2007,0.2,0.1,0.5,0.3
30/01/2007,0.1,0.1,0.1,0.1
31/01/2007,2,1.2,2.3,1.8
01/02/2007,5.6,2.8,3.9,4.1
02/02/2007,0.1,0.1,0,0.1
03/02/2007,0,0,0,0
04/02/2007,0,0,0,0
05/02/2007,0,0,0,0
06/02/2007,0.5,0.3,0,0.3
07/02/2007,0.6,0.4,0.3,0.4
08/02/2007,2.9,1.9,2.6,2.5
09/02/2007,1.2,0.8,0.9,1
10/02/2007,0,0,0,0
11/02/2007,3.8,2.5,2.5,2.9
12/02/2007,2.1,1.4,1.6,1.7
13/02/2007,3.7,2.4,1.7,2.6
14/02/2007,0,0,0,0
15/02/2007,2.8,1.5,0.2,1.5
16/02/2007,0.5,0.1,0.1,0.2
17/02/2007,0,0,0,0
18/02/2007,12.9,7.4,5.3,8.5
19/02/2007,1.2,0.5,0,0.6
20/02/2007,20.5,12.5,6.1,13
21/02/2007,0.2,0.1,0,0.1
22/02/2007,4.2,2.8,1.6,2.9
23/02/2007,0,0,0,0
24/02/2007,0,0,0,0
25/02/2007,1.1,0.7,0.2,0.7
26/02/2007,0.3,0.2,0.3,0.3
27/02/2007,0.2,0.1,0,0.1
28/02/2007,0.1,0.1,0,0.1
01/03/2007,0,0,0,0
02/03/2007,0,0,0,0
03/03/2007,0.5,0.2,0,0.2
04/03/2007,0,0,0,0
05/03/2007,0,0,0,0
06/03/2007,0,0,0,0
07/03/2007,0.3,0.1,0,0.1
08/03/2007,7.8,4.2,3.6,5.2
09/03/2007,0.2,0.1,0,0.1
10/03/2007,0.6,0.1,0,0.2
11/03/2007,6.2,2.9,3.1,4.1
12/03/2007,30.3,16.4,6.6,17.8
13/03/2007,1.6,1,0,0.9
14/03/2007,5.5,3.2,0,2.9
15/03/2007,0,0,0,0
16/03/2007,0,0,0,0
17/03/2007,0,0,0,0
18/03/2007,1.7,1.1,0.8,1.2
19/03/2007,2.3,1.1,0,1.1
20/03/2007,33.2,21,14.9,23
21/03/2007,1.6,0.8,0,0.8
22/03/2007,0.5,0.1,0,0.2
23/03/2007,0.3,0.1,0,0.1
24/03/2007,6.2,3.2,0,3.1
25/03/2007,32.8,18.2,12,21
26/03/2007,0.3,0.2,0.2,0.2
27/03/2007,0.1,0.1,0,0.1
28/03/2007,0.7,0.4,0,0.4
29/03/2007,0,0,0,0
30/03/2007,0,0,0.4,0.1
31/03/2007,3.5,2.3,0.8,2.2
01/04/2007,15.5,9.5,8.8,11.3
02/04/2007,5.8,3.7,2.9,4.1
03/04/2007,1.7,1.1,0,0.9
04/04/2007,0,0,0,0
05/04/2007,0.3,0.2,0,0.2
06/04/2007,0.1,0.1,0,0.1
07/04/2007,0.2,0.1,0,0.1
08/04/2007,0,0,0,0
09/04/2007,0.4,0.2,0,0.2
10/04/2007,4.9,2.7,0,2.5
11/04/2007,2.3,1.5,0,1.3
12/04/2007,0,0,0,0
13/04/2007,0,0,0,0
14/04/2007,0.4,0.2,0,0.2
15/04/2007,0.1,0.1,0,0.1
16/04/2007,0,0,0,0
17/04/2007,0.3,0.2,0,0.2
18/04/2007,14.5,9,1.2,8.2
19/04/2007,13.6,8.9,5,9.2
20/04/2007,15.1,9.9,4.4,9.8
21/04/2007,0.2,0.1,0.3,0.2
22/04/2007,0.1,0.1,0,0.1
23/04/2007,0,0,0,0
24/04/2007,4.7,3.1,3.2,3.7
25/04/2007,0,0,0.9,0.3
26/04/2007,0,0,0.2,0.1
27/04/2007,1.8,1.1,1.9,1.6
28/04/2007,13.9,8.4,7.5,9.9
29/04/2007,15.8,10.2,9,11.7
30/04/2007,0.1,0.1,0.1,0.1
01/05/2007,0.6,0.4,0.1,0.4
02/05/2007,7.8,5.3,4.7,5.9
03/05/2007,23.7,15,14.1,17.6
04/05/2007,1.9,1.1,0,1
05/05/2007,0,0,0,0
06/05/2007,0,0,0,0
07/05/2007,0,0,0,0
08/05/2007,18.9,12.2,5.3,12.1
09/05/2007,10.3,5.6,6,7.3
10/05/2007,0,0,0.2,0.1
11/05/2007,0,0,0.8,0.3
12/05/2007,0,0,0.2,0.1
13/05/2007,15.1,10.2,6.2,10.5
14/05/2007,0.1,0.1,0.1,0.1
15/05/2007,0,0,0.6,0.2
16/05/2007,0,0,0.2,0.1
17/05/2007,0,0,0.1,0
18/05/2007,0,0,2.3,0.8
19/05/2007,7.6,3.9,3.2,4.9
20/05/2007,4.6,2.5,7.2,4.8
21/05/2007,30.4,18.6,26.3,25.1
22/05/2007,0.6,0.4,0.8,0.6
23/05/2007,16.7,11.1,6.6,11.5
24/05/2007,11.4,7.6,6.6,8.5
25/05/2007,0,0,0.1,0
26/05/2007,0,0,0.1,0
27/05/2007,10.9,7.4,10.9,9.7
28/05/2007,11,7.4,7.7,8.7
29/05/2007,2.1,1.4,1.6,1.7
30/05/2007,0,0,1.2,0.4
31/05/2007,0,0,1,0.3
01/06/2007,0,0,2.5,0.8
02/06/2007,0,0,0.7,0.2
03/06/2007,4.3,3.3,2.5,3.4
04/06/2007,0.1,0.1,0.2,0.1
05/06/2007,1.1,0.9,1.9,1.3
06/06/2007,51,36.2,35.6,40.9
07/06/2007,3.5,2.7,2.2,2.8
08/06/2007,0,0,0.8,0.3
09/06/2007,0.1,0.1,0.1,0.1
10/06/2007,0.2,0.1,0.3,0.2
11/06/2007,0.4,0.3,0.2,0.3
12/06/2007,2.2,1.6,0.4,1.4
13/06/2007,0,0,0,0
14/06/2007,12.3,9.6,5.7,9.2
15/06/2007,13.1,10.2,7.4,10.2
16/06/2007,7.1,5.5,2.9,5.2
17/06/2007,99.2,76.9,72,82.7
18/06/2007,0.8,0.6,0.5,0.6
19/06/2007,0,0,0,0
20/06/2007,0,0,0,0
21/06/2007,0,0,0,0
22/06/2007,0,0,0.1,0
23/06/2007,0.1,0.1,0,0.1
24/06/2007,0.2,0.1,0.2,0.2
25/06/2007,0.5,0.3,0.1,0.3
26/06/2007,0,0,0,0
27/06/2007,0,0,0,0
28/06/2007,0,0,0,0
29/06/2007,9.2,7.2,4.1,6.8
30/06/2007,5,3,2.3,3.4
01/07/2007,0,0,0,0
02/07/2007,0,0,0,0
03/07/2007,0,0,0,0
04/07/2007,0,0,0,0
05/07/2007,0,0,0,0
06/07/2007,0,0,0,0
07/07/2007,0,0,0,0
08/07/2007,0,0,0,0
09/07/2007,2.5,1.9,1.5,2
10/07/2007,0,0,0,0
11/07/2007,0,0,0,0
12/07/2007,0,0,0,0
13/07/2007,0,0,0,0
14/07/2007,0,0,0,0
15/07/2007,0,0,0,0
16/07/2007,0,0,0,0
17/07/2007,4.9,3.8,2.9,3.9
18/07/2007,2.5,2,1.5,2
19/07/2007,4.8,3.7,2.8,3.8
20/07/2007,0,0,0,0
21/07/2007,0,0,0,0
22/07/2007,0,0,0,0
23/07/2007,0,0,0,0
24/07/2007,0,0,0,0
25/07/2007,0,0,0,0
26/07/2007,0,0,0,0
27/07/2007,0,0,0,0
28/07/2007,0,0,0,0
29/07/2007,0,0,0,0
30/07/2007,0,0,0,0
31/07/2007,0,0,0,0
01/08/2007,0,0,0,0
02/08/2007,0,0,0,0
03/08/2007,0.4,0.4,0.4,0.4
04/08/2007,0,0,0,0
05/08/2007,5,5,5,5
06/08/2007,0.2,0.2,0.2,0.2
07/08/2007,2,2,2,2
08/08/2007,15.5,12.1,9.2,12.3
09/08/2007,22.5,17.5,13.3,17.8
10/08/2007,17.3,12.2,9.2,12.9
11/08/2007,0.3,0.2,0.2,0.2
12/08/2007,0,0,0,0
13/08/2007,0,0,0,0
14/08/2007,0,0,0,0
15/08/2007,0,0,0,0
16/08/2007,0,0,0,0
17/08/2007,0,0,0,0
18/08/2007,1,0.8,0.6,0.8
19/08/2007,0,0,0,0
20/08/2007,0.3,0.2,0.2,0.2
21/08/2007,0,0,0,0
22/08/2007,0,0,0,0
23/08/2007,6.4,5,3.8,5.1
24/08/2007,0.3,0.2,0.2,0.2
25/08/2007,0,0,0,0
26/08/2007,19.7,15.3,11.6,15.5
27/08/2007,12.9,9.9,7.5,10.1
28/08/2007,0.1,0.1,0.1,0.1
29/08/2007,0,0,0,0
30/08/2007,0,0,0,0
31/08/2007,0,0,0,0
01/09/2007,10.3,7.5,5.1,7.6
02/09/2007,0.1,0.1,0.1,0.1
03/09/2007,0,0,0,0
04/09/2007,0,0,0,0
05/09/2007,0,0,0,0
06/09/2007,4.4,3.1,2,3.2
07/09/2007,1.3,0.9,0.6,0.9
08/09/2007,1.1,0.7,0.5,0.8
09/09/2007,7.4,5.2,3.4,5.3
10/09/2007,0,0,0,0
11/09/2007,0,0,0,0
12/09/2007,51.8,36.3,23.4,37.2
13/09/2007,0.1,0.1,0.1,0.1
14/09/2007,0,0,0,0
15/09/2007,0,0,0,0
16/09/2007,0,0,0,0
17/09/2007,3.1,2.2,1.4,2.2
18/09/2007,2.6,1.8,1.2,1.9
19/09/2007,4.6,3.2,2.1,3.3
20/09/2007,0,0,0,0
21/09/2007,1.1,0.5,0.3,0.6
22/09/2007,0.3,0.2,0.1,0.2
23/09/2007,11.6,8.2,5.3,8.4
24/09/2007,4.4,2.3,1.5,2.7
25/09/2007,0,0,0,0
26/09/2007,0,0,0,0
27/09/2007,0,0,0,0
28/09/2007,2.1,1.5,1,1.5
29/09/2007,28.3,16.9,10.9,18.7
30/09/2007,0,0,0,0
01/10/2007,0.5,0.2,0.1,0.3
02/10/2007,1.3,0.7,0.5,0.8
03/10/2007,6.8,4.8,3.1,4.9
04/10/2007,0.3,0.2,0.1,0.2
05/10/2007,4.5,3.2,2.1,3.3
06/10/2007,0,0,0,0
07/10/2007,0,0,0,0
08/10/2007,1.6,1.1,0.7,1.1
09/10/2007,0.2,0.1,0.1,0.1
10/10/2007,0.6,0.4,0.3,0.4
11/10/2007,0,0,0,0
12/10/2007,0,0,0,0
13/10/2007,0,0,0,0
14/10/2007,0,0,0,0
15/10/2007,0,0,0,0
16/10/2007,0,0,0,0
17/10/2007,0,0,0,0
18/10/2007,0,0,0,0
19/10/2007,0,0,0,0
20/10/2007,2.7,1.8,1.5,2
21/10/2007,0.2,0.1,0.1,0.1
22/10/2007,0.2,0.2,0.1,0.2
23/10/2007,0,0,0,0
24/10/2007,13.3,9.5,7,9.9
25/10/2007,0,0,0,0
26/10/2007,0.2,0.1,0.1,0.1
27/10/2007,0,0,0,0
28/10/2007,0,0,0,0
29/10/2007,0,0,0,0
30/10/2007,11.4,6.8,7.1,8.4
31/10/2007,0,0,0,0
01/11/2007,10.6,4.4,4.1,6.4
02/11/2007,0.6,0.3,0.4,0.4
03/11/2007,0.3,0.2,0.2,0.2
04/11/2007,12.9,9.3,8.4,10.2
05/11/2007,0,0,0,0
06/11/2007,0.2,0.1,0.1,0.1
07/11/2007,0.2,0.1,0.1,0.1
08/11/2007,0.2,0.1,0.1,0.1
09/11/2007,1.2,0.9,0.6,0.9
10/11/2007,5.2,2.2,1.8,3.1
11/11/2007,0,0,0,0
12/11/2007,25.2,15.2,12.6,17.7
13/11/2007,0.5,0.3,0.4,0.4
14/11/2007,0,0,0,0
15/11/2007,0,0,0,0
16/11/2007,0.3,0.1,0,0.1
17/11/2007,0.1,0.1,0.2,0.1
18/11/2007,5.3,2.6,2.5,3.5
19/11/2007,0.2,0.1,0.2,0.2
20/11/2007,0.9,0.6,0.9,0.8
21/11/2007,0.6,0.4,0.5,0.5
22/11/2007,0.1,0.1,0,0.1
23/11/2007,0,0,0,0
24/11/2007,0,0,0,0
25/11/2007,0,0,0,0
26/11/2007,0,0,0,0
27/11/2007,3.4,2.1,0.7,2.1
28/11/2007,0.2,0.1,0,0.1
29/11/2007,0.8,0.5,0.6,0.6
30/11/2007,0.1,0.1,0.3,0.2
01/12/2007,0.7,0.4,0.1,0.4
02/12/2007,11.6,7.6,9.4,9.5
03/12/2007,11.4,6.8,9.7,9.3
04/12/2007,1,0.6,1.6,1.1
05/12/2007,9,5.9,3.7,6.2
06/12/2007,0.8,0.5,0,0.4
07/12/2007,0.1,0.1,0.1,0.1
08/12/2007,0,0,0,0
09/12/2007,0.2,0.1,0,0.1
10/12/2007,0,0,0.2,0.1
11/12/2007,0.5,0.2,0,0.2
12/12/2007,0.2,0.1,0,0.1
13/12/2007,0,0,0,0
14/12/2007,0,0,0,0
15/12/2007,0,0,0,0
16/12/2007,0,0,0,0
17/12/2007,0.3,0.1,0,0.1
18/12/2007,0,0,0,0
19/12/2007,1.5,0.8,0,0.8
20/12/2007,0.9,0.6,0.5,0.7
21/12/2007,0,0,0,0
22/12/2007,0,0,0,0
23/12/2007,0,0,0,0
24/12/2007,1.8,1.1,0.4,1.1
25/12/2007,0,0,0,0
26/12/2007,0,0,0,0
27/12/2007,0,0,0,0
28/12/2007,0,0,0,0
29/12/2007,0.4,0.2,0,0.2
30/12/2007,0.1,0.1,0,0.1
31/12/2007,0.4,0.3,0.3,0.3
01/01/2008,0,0,0,0
02/01/2008,1.2,0.7,0,0.6
03/01/2008,0.4,0.3,0,0.2
04/01/2008,1.7,0.5,0,0.7
05/01/2008,6.9,2.9,2.5,4.1
06/01/2008,3.7,1.4,0,1.7
07/01/2008,0,0,0,0
08/01/2008,0,0,0,0
09/01/2008,0.2,0.1,0,0.1
10/01/2008,0,0,0,0
11/01/2008,0.2,0.1,0,0.1
12/01/2008,0,0,0,0
13/01/2008,0,0,0,0
14/01/2008,7.1,4.4,1.6,4.4
15/01/2008,18.5,11.9,11.6,14
16/01/2008,0.4,0.2,0,0.2
17/01/2008,7.3,4.6,6.7,6.2
18/01/2008,3.3,2.1,1.8,2.4
19/01/2008,2.6,1.7,3.2,2.5
20/01/2008,1.7,1.1,0,0.9
21/01/2008,4.4,2.4,0,2.3
22/01/2008,0.2,0.1,0.1,0.1
23/01/2008,0.2,0.1,0,0.1
24/01/2008,0.5,0.3,0,0.3
25/01/2008,0.3,0.2,0,0.2
26/01/2008,0,0,0,0
27/01/2008,12.7,8.3,5.9,9
28/01/2008,4.9,3.2,2.3,3.5
29/01/2008,0.4,0.3,0,0.2
30/01/2008,0.6,0.3,0,0.3
31/01/2008,0.6,0.4,0,0.3
01/02/2008,0.5,0.3,0,0.3
02/02/2008,0.8,0.5,0.1,0.5
03/02/2008,0.9,0.6,0.1,0.5
04/02/2008,0.3,0.2,0,0.2
05/02/2008,0.3,0.2,0,0.2
06/02/2008,1.6,0.7,0.1,0.8
07/02/2008,0.5,0.2,0,0.2
08/02/2008,17,10.5,11.3,12.9
09/02/2008,2.8,1.7,1,1.8
10/02/2008,2.2,1.2,0.2,1.2
11/02/2008,0,0,0,0
12/02/2008,0,0,0.1,0
13/02/2008,12.2,6.4,9.9,9.5
14/02/2008,0.7,0.4,0,0.4
15/02/2008,1,0.6,0.3,0.6
16/02/2008,0.7,0.3,0.6,0.5
17/02/2008,0.5,0.3,0,0.3
18/02/2008,0.2,0.1,0,0.1
19/02/2008,0.2,0.1,0,0.1
20/02/2008,0.2,0.1,0,0.1
21/02/2008,0.3,0.2,0.1,0.2
22/02/2008,0.4,0.2,0,0.2
23/02/2008,0.5,0.3,0,0.3
24/02/2008,0.3,0.2,0.1,0.2
25/02/2008,0.2,0.1,0.1,0.1
26/02/2008,0,0,0,0
27/02/2008,0,0,0,0
28/02/2008,1.4,0.9,1.5,1.3
29/02/2008,0.4,0.1,0.1,0.2
01/03/2008,13.9,5.3,5.5,8.2
02/03/2008,0.3,0.1,0,0.1
03/03/2008,0,0,0,0
04/03/2008,6.8,4.4,3.8,5
05/03/2008,0,0,0,0
06/03/2008,0,0,0,0
07/03/2008,0,0,0,0
08/03/2008,0,0,0,0
09/03/2008,0,0,0,0
10/03/2008,0.2,0.1,0,0.1
11/03/2008,1,0.5,0.1,0.5
12/03/2008,0,0,0,0
13/03/2008,2.6,1.9,1.5,2
14/03/2008,0.5,0.3,0,0.3
15/03/2008,3.4,2,1.3,2.2
16/03/2008,2.3,1.5,1.5,1.8
17/03/2008,0.2,0.1,0,0.1
18/03/2008,0.7,0.4,0.1,0.4
19/03/2008,0,0,0,0
20/03/2008,0.3,0.2,0,0.2
21/03/2008,0.4,0.3,0,0.2
22/03/2008,0.3,0.2,0,0.2
23/03/2008,1.6,0.9,0.4,1
24/03/2008,7.3,3.9,2.5,4.6
25/03/2008,0.4,0.2,0.1,0.2
26/03/2008,0.4,0.3,0,0.2
27/03/2008,0,0,0,0
28/03/2008,0.4,0.2,0.2,0.3
29/03/2008,6.6,4.3,4.7,5.2
30/03/2008,3.9,2.6,1.6,2.7
31/03/2008,4.2,2.6,1.6,2.8
01/04/2008,0.9,0.5,0.1,0.5
02/04/2008,0.5,0.3,0,0.3
03/04/2008,0.4,0.2,0,0.2
04/04/2008,0,0,0.1,0
05/04/2008,21.4,14.4,8.3,14.7
06/04/2008,3.3,2.1,1.7,2.4
07/04/2008,0.3,0.2,0.1,0.2
08/04/2008,0.4,0.3,0.1,0.3
09/04/2008,0.5,0.3,0,0.3
10/04/2008,0.3,0.2,0,0.2
11/04/2008,1.1,0.7,0.5,0.8
12/04/2008,0.5,0.3,0.2,0.3
13/04/2008,0.3,0.2,0.1,0.2
14/04/2008,16.8,10.4,7.8,11.7
15/04/2008,1.2,0.7,0,0.6
16/04/2008,0.2,0.1,0,0.1
17/04/2008,0.2,0.1,0.6,0.3
18/04/2008,22.1,13.7,13.8,16.5
19/04/2008,3.9,2.6,3.7,3.4
20/04/2008,2.5,1.7,1.2,1.8
21/04/2008,1.8,1.2,0.7,1.2
22/04/2008,0.4,0.2,0.2,0.3
23/04/2008,0.9,0.6,0.1,0.5
24/04/2008,7.4,4.8,3.2,5.1
25/04/2008,2.1,1.4,0.9,1.5
26/04/2008,0,0,0.1,0
27/04/2008,0,0,0.2,0.1
28/04/2008,0.2,0.1,0.4,0.2
29/04/2008,0,0,0.2,0.1
30/04/2008,2.7,1.6,2.2,2.2
01/05/2008,0,0,0,0
02/05/2008,0,0,0.1,0
03/05/2008,0.9,0.6,0,0.5
04/05/2008,1.5,1,0,0.8
05/05/2008,5.8,3.8,2.9,4.2
06/05/2008,18.2,12,8.7,13
07/05/2008,3.1,2.1,2.9,2.7
08/05/2008,70.2,40.8,28.1,46.4
09/05/2008,45.9,29.4,14.4,29.9
10/05/2008,22.2,12.1,8.7,14.3
11/05/2008,7,4.6,3.2,4.9
12/05/2008,1.1,0.7,0.7,0.8
13/05/2008,0,0,0,0
14/05/2008,0,0,0,0
15/05/2008,0,0,0,0
16/05/2008,0,0,0,0
17/05/2008,0,0,0,0
18/05/2008,0,0,0.1,0
19/05/2008,0,0,0,0
20/05/2008,0,0,0.1,0
21/05/2008,20,13.3,12.7,15.3
22/05/2008,19.4,12.7,15.3,15.8
23/05/2008,23.8,15.4,18.9,19.4
24/05/2008,93.3,58.1,66.9,72.8
25/05/2008,19,12.6,13,14.9
26/05/2008,0,0,3.1,1
27/05/2008,0,0,0,0
28/05/2008,0,0,0,0
29/05/2008,0,0,0,0
30/05/2008,0,0,0,0
31/05/2008,0,0,0,0
01/06/2008,1.1,0.9,2,1.3
02/06/2008,0.7,0.6,1.3,0.9
03/06/2008,8,6.1,5.5,6.5
04/06/2008,10.2,7.8,5.7,7.9
05/06/2008,0,0,0,0
06/06/2008,0,0,0,0
07/06/2008,26.7,16.3,16.6,19.9
08/06/2008,5.1,3.8,0.8,3.2
09/06/2008,7.7,6,2.5,5.4
10/06/2008,21.1,15.9,20.8,19.3
11/06/2008,49.8,35.5,40.1,41.8
12/06/2008,0,0,0,0
13/06/2008,0,0,0,0
14/06/2008,0,0,0,0
15/06/2008,0,0,0,0
16/06/2008,0,0,0.1,0
17/06/2008,0,0,0.4,0.1
18/06/2008,0,0,0,0
19/06/2008,0,0,0,0
20/06/2008,0,0,0,0
21/06/2008,0,0,0.2,0.1
22/06/2008,0.4,0.3,0,0.2
23/06/2008,0,0,0.1,0
24/06/2008,0.7,0.6,0.8,0.7
25/06/2008,0,0,0,0
26/06/2008,0,0,2.1,0.7
27/06/2008,0,0,0,0
28/06/2008,0,0,0.1,0
29/06/2008,0,0,0.1,0
30/06/2008,5.3,4.1,0.8,3.4
01/07/2008,4.4,3.4,2.4,3.4
02/07/2008,0.7,0.5,0.1,0.4
03/07/2008,0,0,0,0
04/07/2008,0.6,0.5,1.9,1
05/07/2008,0,0,0,0
06/07/2008,1.3,1,0.5,0.9
07/07/2008,0,0,0,0
08/07/2008,0,0,0,0
09/07/2008,0,0,0,0
10/07/2008,12.2,9.5,8,9.9
11/07/2008,13.6,8.4,9.4,10.5
12/07/2008,0,0,0,0
13/07/2008,0,0,0,0
14/07/2008,0,0,0,0
15/07/2008,5.2,4,3.8,4.3
16/07/2008,0,0,0,0
17/07/2008,0,0,0,0
18/07/2008,9.3,7.2,5.2,7.2
19/07/2008,0,0,0,0
20/07/2008,0,0,0,0
21/07/2008,0,0,0,0
22/07/2008,0,0,0.2,0.1
23/07/2008,23.9,18.6,13.3,18.6
24/07/2008,3.8,2.9,3,3.2
25/07/2008,0,0,0,0
26/07/2008,0,0,0.9,0.3
27/07/2008,6.6,5.1,0.6,4.1
28/07/2008,0,0,0,0
29/07/2008,0,0,0,0
30/07/2008,4.8,3.2,2.3,3.4
31/07/2008,0,0,0,0
01/08/2008,4.8,3.8,2.2,3.6
02/08/2008,0,0,0,0
03/08/2008,6.5,5,2.9,4.8
04/08/2008,0,0,0,0
05/08/2008,0,0,0,0
06/08/2008,0,0,0.1,0
07/08/2008,0,0,0,0
08/08/2008,0,0,0,0
09/08/2008,8.5,6.6,5,6.7
10/08/2008,3.5,2.5,1.9,2.6
11/08/2008,0,0,0,0
12/08/2008,0,0,0,0
13/08/2008,0,0,0,0
14/08/2008,0,0,0,0
15/08/2008,0,0,0,0
16/08/2008,0,0,0,0
17/08/2008,0,0,0,0
18/08/2008,0,0,0.1,0
19/08/2008,1.4,1.1,0.7,1.1
20/08/2008,2.9,2.3,1.6,2.3
21/08/2008,22.3,17,9.5,16.3
22/08/2008,0.2,0.2,0.1,0.2
23/08/2008,0,0,0,0
24/08/2008,0,0,0,0
25/08/2008,0,0,0,0
26/08/2008,6.4,5,5.5,5.6
27/08/2008,0,0,0,0
28/08/2008,0,0,0,0
29/08/2008,19,14.8,9.4,14.4
30/08/2008,21.7,14.7,13.5,16.6
31/08/2008,25.9,20.1,11.2,19.1
01/09/2008,0,0,0,0
02/09/2008,0,0,0.1,0
03/09/2008,11.1,7.8,4.8,7.9
04/09/2008,0.3,0.2,0,0.2
05/09/2008,7.8,5.5,7.6,7
06/09/2008,1.8,1.3,1,1.4
07/09/2008,0.2,0.1,0,0.1
08/09/2008,0,0,0.1,0
09/09/2008,13.6,9.5,9,10.7
10/09/2008,0,0,0,0
11/09/2008,0,0,0,0
12/09/2008,24.4,17.2,14.9,18.8
13/09/2008,2,1.4,0.2,1.2
14/09/2008,0,0,0,0
15/09/2008,0,0,0,0
16/09/2008,0.4,0,0,0.1
17/09/2008,0,0,0,0
18/09/2008,0,0,0,0
19/09/2008,0,0,0,0
20/09/2008,0,0,0,0
21/09/2008,18.7,20.6,18.3,19.2
22/09/2008,5.2,3.1,1.9,3.4
23/09/2008,3.3,2.8,3.2,3.1
24/09/2008,0,0,0,0
25/09/2008,0.6,0,0.6,0.4
26/09/2008,0.3,0,0.1,0.1
27/09/2008,0,0,0,0
28/09/2008,0,0,0,0
29/09/2008,0,0,0.1,0
30/09/2008,0,0,0,0
01/10/2008,0,0,0,0
02/10/2008,0,0,0,0
03/10/2008,0,0,0,0
04/10/2008,1,0.1,0.1,0.4
05/10/2008,0.1,0,0,0
06/10/2008,0,0,0,0
07/10/2008,10.9,4.9,5.6,7.1
08/10/2008,9.1,3.9,2.3,5.1
09/10/2008,0.1,0.1,0,0.1
10/10/2008,2.9,1.1,0.3,1.4
11/10/2008,0.1,0,0.1,0.1
12/10/2008,1.9,0.4,0.4,0.9
13/10/2008,0.4,0.1,0,0.2
14/10/2008,8.5,6.1,5.8,6.8
15/10/2008,0,0,0.9,0.3
16/10/2008,0.1,0.1,0,0.1
17/10/2008,4.7,3.2,0.3,2.7
18/10/2008,18.3,12.7,8,13
19/10/2008,0.1,0.1,0,0.1
20/10/2008,7,4.2,3.6,4.9
21/10/2008,0.7,0.3,0,0.3
22/10/2008,0,0,0,0
23/10/2008,0,0,0,0
24/10/2008,0.1,0.1,0,0.1
25/10/2008,0.9,0.5,0.3,0.6
26/10/2008,0,0,0,0
27/10/2008,0,0,0,0
28/10/2008,0,0,0,0
29/10/2008,0,0,0,0
30/10/2008,0,0,0,0
31/10/2008,0,0,0,0
01/11/2008,0,0,0,0
02/11/2008,4.3,2.7,3,3.3
03/11/2008,2.9,1.3,1.6,1.9
04/11/2008,3.8,2.5,0.5,2.3
05/11/2008,1.7,1.1,0.6,1.1
06/11/2008,0,0,0,0
07/11/2008,0,0,0,0
08/11/2008,0,0,0,0
09/11/2008,0,0,0,0
10/11/2008,3.5,2.1,1.1,2.2
11/11/2008,2.2,1,0.3,1.2
12/11/2008,5.3,2.9,1.3,3.2
13/11/2008,7.3,3.4,0.7,3.8
14/11/2008,0,0,0,0
15/11/2008,0.6,0.3,0,0.3
16/11/2008,12.1,7.9,5.1,8.4
17/11/2008,0.1,0.1,0.2,0.1
18/11/2008,1.3,0.8,0.1,0.7
19/11/2008,1.1,0.7,0,0.6
20/11/2008,0,0,0,0
21/11/2008,0.2,0.1,0,0.1
22/11/2008,2.7,1.4,0.3,1.5
23/11/2008,0,0,0,0
24/11/2008,0,0,0,0
25/11/2008,0.2,0.1,0,0.1
26/11/2008,0,0,0,0
27/11/2008,0,0,0,0
28/11/2008,0,0,0,0
29/11/2008,0,0,0,0
30/11/2008,0,0,0,0
01/12/2008,3.7,2.3,2,2.7
02/12/2008,17.3,11.3,6.7,11.8
03/12/2008,1.1,0.7,0.1,0.6
04/12/2008,0,0,0,0
05/12/2008,0,0,0,0
06/12/2008,0.7,0.4,0,0.4
07/12/2008,19.6,12.6,7.1,13.1
08/12/2008,5.2,3.4,1.4,3.3
09/12/2008,0.6,0.2,0,0.3
10/12/2008,0.2,0.1,0.5,0.3
11/12/2008,0,0,0,0
12/12/2008,11.2,7.2,8.1,8.8
13/12/2008,5,3.3,3.9,4.1
14/12/2008,0.5,0.3,0.4,0.4
15/12/2008,0,0,0,0
16/12/2008,0,0,0,0
17/12/2008,5,3.3,1.6,3.3
18/12/2008,1.2,0.8,0.6,0.9
19/12/2008,1.2,0.8,0.3,0.8
20/12/2008,0,0,0,0
21/12/2008,0,0,0,0
22/12/2008,0.7,0.5,0,0.4
23/12/2008,0.1,0.1,0,0.1
24/12/2008,0,0,0,0
25/12/2008,0,0,0,0
26/12/2008,0.5,0.1,0,0.2
27/12/2008,0,0,0,0
28/12/2008,9.7,6.4,3.8,6.6
29/12/2008,0.4,0.2,0.1,0.2
30/12/2008,1.2,0.6,1.8,1.2
31/12/2008,2.9,1.6,0.1,1.5
01/01/2009,2,1.2,0.7,1.3
02/01/2009,0.4,0.3,1.8,0.8
03/01/2009,0,0,3.3,1.1
04/01/2009,0,0,0,0
05/01/2009,0,0,0,0
06/01/2009,0,0,0,0
07/01/2009,1.2,0.8,0.1,0.7
08/01/2009,3.3,2,1.2,2.2
09/01/2009,0.4,0.3,0.2,0.3
10/01/2009,0.5,0.2,0,0.2
11/01/2009,0.3,0.1,0,0.1
12/01/2009,0,0,0,0
13/01/2009,0,0,0,0
14/01/2009,0,0,0,0
15/01/2009,0,0,0.1,0
16/01/2009,0,0,0.1,0
17/01/2009,0,0,0,0
18/01/2009,0,0,0.1,0
19/01/2009,0,0,0,0
20/01/2009,0,0,0,0
21/01/2009,0,0,0,0
22/01/2009,3.1,2,1.5,2.2
23/01/2009,0.3,0.2,0.2,0.2
24/01/2009,0,0,0,0
25/01/2009,0,0,0,0
26/01/2009,0,0,0,0
27/01/2009,0,0,0,0
28/01/2009,0,0,0,0
29/01/2009,0,0,0,0
30/01/2009,1,0.5,0,0.5
31/01/2009,12.7,6.5,3.3,7.5
01/02/2009,0,0,0,0
02/02/2009,0,0,0,0
03/02/2009,0,0,0,0
04/02/2009,0,0,0,0
05/02/2009,0,0,0.1,0
06/02/2009,10.3,6.7,6,7.7
07/02/2009,0,0,0,0
08/02/2009,0.1,0.1,0,0.1
09/02/2009,0,0,0,0
10/02/2009,0.2,0.1,0.1,0.1
11/02/2009,0,0,0,0
12/02/2009,0.1,0.1,0,0.1
13/02/2009,1.2,0.8,0.6,0.9
14/02/2009,0.1,0.1,0.2,0.1
15/02/2009,0,0,0,0
16/02/2009,0,0,0,0
17/02/2009,0,0,0,0
18/02/2009,0.4,0.3,0,0.2
19/02/2009,0,0,0,0
20/02/2009,0,0,0,0
21/02/2009,0,0,0,0
22/02/2009,0,0,0,0
23/02/2009,1.8,1.1,0.9,1.3
24/02/2009,14,9.2,8,10.4
25/02/2009,13.2,8.7,6.3,9.4
26/02/2009,1,0.7,0.5,0.7
27/02/2009,0,0,0,0
28/02/2009,0.2,0,0,0.1
01/03/2009,1.2,0,0,0.4
02/03/2009,0.6,0,0,0.2
03/03/2009,4.7,3.6,2.4,3.6
04/03/2009,2,0.4,0,0.8
05/03/2009,11.7,6.3,6.5,8.2
06/03/2009,0,0,0,0
07/03/2009,28.1,2.8,1,10.6
08/03/2009,1.3,0.6,0.6,0.8
09/03/2009,2.2,1.2,0.7,1.4
10/03/2009,0.5,0.2,0.2,0.3
11/03/2009,0,0,0,0
12/03/2009,0,0,0,0
13/03/2009,3.2,0,0,1.1
14/03/2009,1.1,0,0,0.4
15/03/2009,6.1,2.8,2.1,3.7
16/03/2009,10.9,8.2,6.6,8.6
17/03/2009,4,1.7,0.9,2.2
18/03/2009,4.6,0.5,0,1.7
19/03/2009,8.5,0,0,2.8
20/03/2009,1.9,0.7,0.2,0.9
21/03/2009,5.6,3.8,2.2,3.9
22/03/2009,10.1,9.9,8.1,9.4
23/03/2009,0.1,0.1,0,0.1
24/03/2009,0.2,0.1,0,0.1
25/03/2009,2.7,2.4,3,2.7
26/03/2009,0.1,0,0,0
27/03/2009,1.6,0,0,0.5
28/03/2009,1.2,0.8,0.3,0.8
29/03/2009,16.4,12.5,14,14.3
30/03/2009,0,0,0,0
31/03/2009,7.5,6.1,4.4,6
01/04/2009,5.9,3.9,1.6,3.8
02/04/2009,1.2,0,0,0.4
03/04/2009,0,0,0,0
04/04/2009,0,0,0,0
05/04/2009,0,0,0,0
06/04/2009,0.3,0,0,0.1
07/04/2009,0,0,0,0
08/04/2009,0,0,0,0
09/04/2009,0.5,0,0,0.2
10/04/2009,0,0,0,0
11/04/2009,5,3.2,2.2,3.5
12/04/2009,1.3,0,0,0.4
13/04/2009,2.8,0.6,0.2,1.2
14/04/2009,8.8,5.5,2,5.4
15/04/2009,1.7,1.1,0.9,1.2
16/04/2009,0,0,0.1,0
17/04/2009,0.6,0,0.1,0.2
18/04/2009,4.7,0.8,0.9,2.1
19/04/2009,0,0,0,0
20/04/2009,0.1,0.1,0,0.1
21/04/2009,0.1,0,0.2,0.1
22/04/2009,15,11.6,9.7,12.1
23/04/2009,12.2,4.7,9.3,8.7
24/04/2009,0.5,0.1,0,0.2
25/04/2009,12.3,7,5.8,8.4
26/04/2009,9.6,6.5,7.1,7.7
27/04/2009,9.8,7.9,6.1,7.9
28/04/2009,7.1,5.3,4.5,5.6
29/04/2009,0.8,0.2,0,0.3
30/04/2009,5,2.5,1.6,3
01/05/2009,1.7,1.9,1.2,1.6
02/05/2009,0,0.1,0,0
03/05/2009,0.2,0,0,0.1
04/05/2009,0,0.1,0,0
05/05/2009,11.5,3.7,2,5.7
06/05/2009,2.8,0.1,0,1
07/05/2009,8.8,3.1,1.9,4.6
08/05/2009,14,6.8,3.5,8.1
09/05/2009,7.8,6.6,6.2,6.9
10/05/2009,0.1,0.1,0,0.1
11/05/2009,0.3,0.2,0,0.2
12/05/2009,28.2,22.1,16.1,22.1
13/05/2009,3,4.2,0.8,2.7
14/05/2009,9.9,8.4,2.8,7
15/05/2009,1.2,0.4,0.5,0.7
16/05/2009,0.1,0,0,0
17/05/2009,0.3,0,0,0.1
18/05/2009,1,0.6,0.6,0.7
19/05/2009,7.8,2.8,3,4.5
20/05/2009,7.7,5.3,3.1,5.4
21/05/2009,0.3,0,0,0.1
22/05/2009,0.3,0,0,0.1
23/05/2009,0.3,0,0,0.1
24/05/2009,0.2,0,0,0.1
25/05/2009,0.3,0.2,0.1,0.2
26/05/2009,0.6,0.1,0,0.2
27/05/2009,0,0,0,0
28/05/2009,0,0,0,0
29/05/2009,0.1,0,0,0
30/05/2009,0,0,0.1,0
31/05/2009,0,0,0,0
01/06/2009,0.5,0.4,0,0.3
02/06/2009,0,0,1.4,0.5
03/06/2009,0,0,0,0
04/06/2009,0,0,0,0
05/06/2009,13.9,9.3,6.7,10
06/06/2009,4.4,4.3,1.9,3.5
07/06/2009,1.8,1,0.3,1
08/06/2009,1.2,0,0,0.4
09/06/2009,3.5,0.5,1.3,1.8
10/06/2009,1.2,0.4,0.1,0.6
11/06/2009,0,0,0,0
12/06/2009,0.3,0,0.1,0.1
13/06/2009,0,0,0,0
14/06/2009,0,0,0,0
15/06/2009,28.9,19,28.2,25.4
16/06/2009,0.1,0,0,0
17/06/2009,0.5,0.6,0,0.4
18/06/2009,5.1,3.2,0,2.8
19/06/2009,0,0,0,0
20/06/2009,0.9,0.7,0,0.5
21/06/2009,11.7,8.8,1.4,7.3
22/06/2009,3.4,2.7,0,2
23/06/2009,0.1,0.1,0,0.1
24/06/2009,0.1,0.1,0,0.1
25/06/2009,4.9,3.8,0,2.9
26/06/2009,0,0,0,0
27/06/2009,0,0,0,0
28/06/2009,0,0,0,0
29/06/2009,0,0,0,0
30/06/2009,0,0,0,0
01/07/2009,0,0,0,0
02/07/2009,0,0,0,0
03/07/2009,0.1,0,0,0
04/07/2009,2.6,1.3,0,1.3
05/07/2009,4.9,2.7,0,2.5
06/07/2009,8.5,7.4,0,5.3
07/07/2009,0,0,0,0
08/07/2009,1.9,0.3,0,0.7
09/07/2009,7.7,7.2,1.4,5.4
10/07/2009,2.2,1.3,0,1.2
11/07/2009,0,0,0,0
12/07/2009,0,0,0,0
13/07/2009,39.2,39.7,39.8,39.6
14/07/2009,17,12.9,6.6,12.2
15/07/2009,0.9,0,0,0.3
16/07/2009,0,0,9.5,3.2
17/07/2009,0,0,0,0
18/07/2009,0,1.5,0,0.5
19/07/2009,0,0,0,0
20/07/2009,0,0,0,0
21/07/2009,0,0,0,0
22/07/2009,0,0,0,0
23/07/2009,0.3,3.7,0,1.3
24/07/2009,0.3,0.5,0,0.3
25/07/2009,5,11.9,20.1,12.3
26/07/2009,0.6,0.4,0,0.3
27/07/2009,5.5,3.2,1.1,3.3
28/07/2009,8.2,8.4,5.5,7.4
29/07/2009,1.9,0.3,0.3,0.8
30/07/2009,19,13.2,12.5,14.9
31/07/2009,2.2,0.9,0.5,1.2
01/08/2009,1.5,1,0.9,1.1
02/08/2009,2.4,1.5,1,1.6
03/08/2009,5.1,5.5,3.8,4.8
04/08/2009,17.7,17.3,15.6,16.9
05/08/2009,8.2,4.5,1.7,4.8
06/08/2009,1.8,2.1,1.2,1.7
07/08/2009,0,0,0,0
08/08/2009,2.4,3,1.7,2.4
09/08/2009,2.3,1.8,0.2,1.4
10/08/2009,0,0,0,0
11/08/2009,9.6,5.3,3.6,6.2
12/08/2009,0.4,0.3,0,0.2
13/08/2009,8.4,4.2,1.9,4.8
14/08/2009,14.5,10.4,6.9,10.6
15/08/2009,2.3,0.8,0.7,1.3
16/08/2009,2.6,3.6,0.1,2.1
17/08/2009,0,0,0,0
18/08/2009,0,0,0,0
19/08/2009,0,0,0,0
20/08/2009,0,0,0,0
21/08/2009,1.4,0.2,0,0.5
22/08/2009,3.9,2.1,0.1,2
23/08/2009,0,0,0,0
24/08/2009,0,0,0,0
25/08/2009,0,0,0,0
26/08/2009,0,0,0,0
27/08/2009,0,0,0,0
28/08/2009,0,0,0,0
29/08/2009,0,0,0,0
30/08/2009,0,0,0,0
31/08/2009,0,0,0,0
01/09/2009,7,6.4,4.3,5.9
02/09/2009,0.1,0,0,0
03/09/2009,8.5,8.3,2.4,6.4
04/09/2009,0,0,0.1,0
05/09/2009,0,0,0,0
06/09/2009,0.3,0,0.4,0.2
07/09/2009,2.5,0.3,0,0.9
08/09/2009,0.1,0,0,0
09/09/2009,0.4,0,0,0.1
10/09/2009,2.1,1.2,0.1,1.1
11/09/2009,0,0,0,0
12/09/2009,0,0,0,0
13/09/2009,0,0,0,0
14/09/2009,0,0,0,0
15/09/2009,0,0,0,0
16/09/2009,0,0,0,0
17/09/2009,3,1.5,0.5,1.7
18/09/2009,0,0,0,0
19/09/2009,0,0,0,0
20/09/2009,1.4,0.5,0.5,0.8
21/09/2009,0,0,0,0
22/09/2009,0,0,0,0
23/09/2009,0,0,0,0
24/09/2009,0,0,0,0
25/09/2009,0,0,0,0
26/09/2009,0,0,0,0
27/09/2009,0,0,0,0
28/09/2009,0,0,0,0
29/09/2009,0,0.1,0,0
30/09/2009,0,0.1,0,0
01/10/2009,0,0.1,0.2,0.1
02/10/2009,1.9,0.7,1.2,1.3
03/10/2009,14.7,10.2,7.6,10.8
04/10/2009,10.2,7.7,7.2,8.4
05/10/2009,1.2,0.4,0,0.5
06/10/2009,12.6,7.8,8,9.5
07/10/2009,10.9,6.3,2.2,6.5
08/10/2009,12.4,9,12.5,11.3
09/10/2009,3.4,0.5,0.6,1.5
10/10/2009,4.7,0.8,0.1,1.9
11/10/2009,5.5,1.6,0.2,2.4
12/10/2009,1.3,0.2,0.1,0.5
13/10/2009,3.8,1.8,0.8,2.1
14/10/2009,3.2,2.3,1.3,2.3
15/10/2009,0,0,0,0
16/10/2009,0,0.2,0,0.1
17/10/2009,8.1,5.6,4.1,5.9
18/10/2009,4.8,2.6,2.3,3.2
19/10/2009,4.1,3,2,3
20/10/2009,9.2,7.6,3.1,6.6
21/10/2009,0,0.1,0,0
22/10/2009,0.4,0.1,0,0.2
23/10/2009,0.2,0.1,0,0.1
24/10/2009,0.6,0,0,0.2
25/10/2009,0.5,0,0,0.2
26/10/2009,4.6,1.9,1.1,2.5
27/10/2009,11.6,7.7,11.2,10.2
28/10/2009,0.3,0.3,0,0.2
29/10/2009,0.8,0,0,0.3
30/10/2009,0.5,0,0,0.2
31/10/2009,8,2.4,0.5,3.6
01/11/2009,5.3,3.1,2.2,3.5
02/11/2009,1.1,0,0,0.4
03/11/2009,0,0,0,0
04/11/2009,0,0,0,0
05/11/2009,0.1,0,0,0
06/11/2009,20.5,11,9.8,13.8
07/11/2009,10.6,4.7,6.4,7.2
08/11/2009,1.1,0.2,0,0.4
09/11/2009,3.4,0,0,1.1
10/11/2009,5.9,3.8,1.8,3.8
11/11/2009,5.9,2.5,1.2,3.2
12/11/2009,0,0,0,0
13/11/2009,0.3,0,0,0.1
14/11/2009,0,0,0,0
15/11/2009,3,0,0,1
16/11/2009,7.9,5,0.4,4.4
17/11/2009,19.2,8.7,5.7,11.2
18/11/2009,2.5,0.3,0,0.9
19/11/2009,4.6,0.4,0,1.7
20/11/2009,3.2,0.1,0,1.1
21/11/2009,4.2,1.1,1.3,2.2
22/11/2009,0.7,0,0,0.2
23/11/2009,0.7,0,0,0.2
24/11/2009,0.6,0.2,0,0.3
25/11/2009,0,0,0,0
26/11/2009,2.5,0.3,0,0.9
27/11/2009,0,0.1,0.1,0.1
28/11/2009,0,0,0,0
29/11/2009,0,0,0,0
30/11/2009,19.7,13.2,18.4,17.1
01/12/2009,0.6,0.5,0.6,0.6
02/12/2009,0,0.1,3.8,1.3
03/12/2009,2,0,0,0.7
04/12/2009,22.7,11.6,5.2,13.2
05/12/2009,8.6,4.9,5.2,6.2
06/12/2009,1.9,1.6,0.7,1.4
07/12/2009,0.1,0.3,3.6,1.3
08/12/2009,0,0.1,2.6,0.9
09/12/2009,0,0,4.5,1.5
10/12/2009,0.3,0.2,0,0.2
11/12/2009,0.4,0.1,0,0.2
12/12/2009,0.8,0.7,0.1,0.5
13/12/2009,1,0.7,0,0.6
14/12/2009,0.4,0.3,0,0.2
15/12/2009,0.8,0.4,0,0.4
16/12/2009,1.9,0.7,0,0.9
17/12/2009,0.4,0.2,0,0.2
18/12/2009,0,0,0,0
19/12/2009,1.8,1.1,0,1
20/12/2009,1.5,1,0,0.8
21/12/2009,0.9,0.6,0,0.5
22/12/2009,11.9,6.4,1.4,6.6
23/12/2009,0.4,0.3,0,0.2
24/12/2009,0,0,0,0
25/12/2009,0,0,0,0
26/12/2009,0,0,0,0
27/12/2009,0,0,0,0
28/12/2009,0.2,0.1,0,0.1
29/12/2009,0.1,0.1,0,0.1
30/12/2009,1.1,0.6,0,0.6
31/12/2009,0.4,0.3,0,0.2
01/01/2010,0.8,0.3,0.2,0.4
02/01/2010,0.6,0.4,0.2,0.4
03/01/2010,0.1,0.1,0.1,0.1
04/01/2010,0.8,0.5,0.3,0.5
05/01/2010,5.3,3.5,2.1,3.6
06/01/2010,0,0,0,0
07/01/2010,0,0,0,0
08/01/2010,0,0,0,0
09/01/2010,0,0,0,0
10/01/2010,0,0,0,0
11/01/2010,0,0,0,0
12/01/2010,0.4,0,0,0.1
13/01/2010,0,0.1,0.1,0.1
14/01/2010,1.4,0.1,0.1,0.5
15/01/2010,10.3,3.9,2.6,5.6
16/01/2010,2.4,1.3,0.9,1.5
17/01/2010,0.2,0,0,0.1
18/01/2010,0,0,0,0
19/01/2010,0,0,0,0
20/01/2010,0.3,0.2,0.1,0.2
21/01/2010,0,0,0,0
22/01/2010,0,0,0,0
23/01/2010,1.6,1.8,1.1,1.5
24/01/2010,0.1,0.2,0.1,0.1
25/01/2010,0.1,0.2,0.1,0.1
26/01/2010,0,0,0,0
27/01/2010,0,0.1,2.5,0.9
28/01/2010,0,0,0,0
29/01/2010,0,0,0,0
30/01/2010,1.3,1,0.5,0.9
31/01/2010,0.4,0.4,0.5,0.4
01/02/2010,0.5,0.3,0.1,0.3
02/02/2010,0,0,0,0
03/02/2010,0,0.1,0.1,0.1
04/02/2010,0,0,0,0
05/02/2010,0,0,0,0
06/02/2010,0,0,0,0
07/02/2010,0,0,0,0
08/02/2010,0,0,0,0
09/02/2010,0,0.9,0.6,0.5
10/02/2010,0.1,0,0,0
11/02/2010,0.1,0,0,0
12/02/2010,0,0,0,0
13/02/2010,0,0,0,0
14/02/2010,0,0,0,0
15/02/2010,1.7,1.3,0.7,1.2
16/02/2010,0,0,0,0
17/02/2010,8.4,7.2,4.6,6.7
18/02/2010,0.3,0.2,0,0.2
19/02/2010,0.2,0.1,0,0.1
20/02/2010,0.2,0,0,0.1
21/02/2010,0,0,0,0
22/02/2010,0,0,0,0
23/02/2010,0,0,0,0
24/02/2010,0,0,0,0
25/02/2010,0.6,0.1,0,0.2
26/02/2010,0,0,0,0
27/02/2010,0,0,0,0
28/02/2010,0,0,0,0
01/03/2010,0,0,0,0
02/03/2010,0,0,0,0
03/03/2010,0,0,0,0
04/03/2010,0.1,0,0,0
05/03/2010,0,0,0,0
06/03/2010,0,0,0,0
07/03/2010,0.1,0,0,0
08/03/2010,9,3.8,3.3,5.4
09/03/2010,6.5,3.5,1.5,3.8
10/03/2010,0.2,0,0,0.1
11/03/2010,2.7,0.3,0,1
12/03/2010,8.4,7.1,0.6,5.4
13/03/2010,2.5,1,0.4,1.3
14/03/2010,0,0,0,0
15/03/2010,0,0,0,0
16/03/2010,0,0,0,0
17/03/2010,6.3,2.4,1.1,3.3
18/03/2010,4.6,2,0.5,2.4
19/03/2010,0.7,0.8,0.3,0.6
20/03/2010,0.2,0,0,0.1
21/03/2010,0.8,0,0.2,0.3
22/03/2010,0.3,0.1,0.3,0.2
23/03/2010,0,0,0,0
24/03/2010,0,0,0,0
25/03/2010,0.1,0,0,0
26/03/2010,1.7,0,0,0.6
27/03/2010,0,0,0.2,0.1
28/03/2010,1.5,0.3,0.5,0.8
29/03/2010,16.7,11.3,8.9,12.3
30/03/2010,17.4,7.7,3.9,9.7
31/03/2010,0.5,0.1,0,0.2
01/04/2010,0,0,0,0
02/04/2010,0.6,0,0,0.2
03/04/2010,4.6,0.6,0,1.7
04/04/2010,0.2,0,0,0.1
05/04/2010,0.1,0,0,0
06/04/2010,0.9,0.1,0,0.3
07/04/2010,4.3,0.1,0,1.5
08/04/2010,15,3.7,0,6.2
09/04/2010,8.2,2,0,3.4
10/04/2010,0.3,0,0,0.1
11/04/2010,0.1,0,0,0
12/04/2010,0.4,0,0,0.1
13/04/2010,0,0,0,0
14/04/2010,0,0,0,0
15/04/2010,0,0,0,0
16/04/2010,0,0,0,0
17/04/2010,0,0,0,0
18/04/2010,0,0.5,0,0.2
19/04/2010,0,0,0,0
20/04/2010,0,0,0,0
21/04/2010,0,0,0,0
22/04/2010,13,9.1,0,7.4
23/04/2010,25.8,29,5.7,20.2
24/04/2010,6.6,1.6,0,2.7
25/04/2010,1,0.8,0,0.6
26/04/2010,0,0,0,0
27/04/2010,1.4,0.6,0,0.7
28/04/2010,55.8,28.9,21.5,35.4
29/04/2010,45.5,25.1,13.4,28
30/04/2010,0,0,0,0
01/05/2010,1.3,0.1,0.1,0.5
02/05/2010,1.1,0.2,0.1,0.5
03/05/2010,16.5,6.6,4.8,9.3
04/05/2010,25.3,3.4,2.2,10.3
05/05/2010,24.1,5.3,2.5,10.6
06/05/2010,8.8,2,0,3.6
07/05/2010,4.4,0.4,0,1.6
08/05/2010,5.9,2.9,0,2.9
09/05/2010,1.4,0,0,0.5
10/05/2010,0,0,0,0
11/05/2010,0,0,0,0
12/05/2010,0.3,0,0,0.1
13/05/2010,0.6,0,0,0.2
14/05/2010,0.5,0,0,0.2
15/05/2010,0.1,0,0,0
16/05/2010,0.2,0,0,0.1
17/05/2010,0,0,0,0
18/05/2010,3.4,3.9,0,2.4
19/05/2010,0,0,0,0
20/05/2010,1.8,0,0,0.6
21/05/2010,1.7,0,0,0.6
22/05/2010,1.6,0.2,0,0.6
23/05/2010,0.1,0.8,0,0.3
24/05/2010,0,0,0,0
25/05/2010,0.4,0,0,0.1
26/05/2010,2.8,1.3,0.9,1.7
27/05/2010,17.6,12.5,18.1,16.1
28/05/2010,15.2,6.4,6.5,9.4
29/05/2010,17.6,14.8,6.9,13.1
30/05/2010,5,1.9,1.2,2.7
31/05/2010,6,2.2,0.3,2.8
01/06/2010,0.3,0.2,0,0.2
02/06/2010,0.1,0.1,0,0.1
03/06/2010,2.2,1,0,1.1
04/06/2010,0,0,0,0
05/06/2010,2.1,0.3,0,0.8
06/06/2010,1.4,1.2,0,0.9
07/06/2010,1.1,0.3,0,0.5
08/06/2010,0.1,0,0,0
09/06/2010,11.2,11,8.2,10.1
10/06/2010,17.7,12,8.9,12.9
11/06/2010,0.2,0,0,0.1
12/06/2010,0,0,0,0
13/06/2010,0.1,0,0,0
14/06/2010,10.7,7.8,5.3,7.9
15/06/2010,15.1,10.1,9,11.4
16/06/2010,17.6,18.7,23.6,20
17/06/2010,27.8,25.4,26.9,26.7
18/06/2010,0.5,1.9,0.9,1.1
19/06/2010,0,0.1,0,0
20/06/2010,0,0,0,0
21/06/2010,0,0.5,1.1,0.5
22/06/2010,0.2,0.9,2.9,1.3
23/06/2010,0.1,0.1,0,0.1
24/06/2010,1.2,0.9,0,0.7
25/06/2010,0,0,0,0
26/06/2010,0,0,0,0
27/06/2010,0,0,0,0
28/06/2010,0,0,0,0
29/06/2010,0,0,0,0
30/06/2010,0,0,0,0
01/07/2010,0,0,0,0
02/07/2010,0,1,0,0.3
03/07/2010,0,0,0,0
04/07/2010,0,0,0,0
05/07/2010,0,0.4,0,0.1
06/07/2010,0,0,0,0
07/07/2010,0,0,0,0
08/07/2010,0,0,0,0
09/07/2010,0,0,0,0
10/07/2010,0.3,1.2,3.1,1.5
11/07/2010,0.6,0.4,0,0.3
12/07/2010,7.7,3.9,1.2,4.3
13/07/2010,5,5.1,1.1,3.7
14/07/2010,0,0,0,0
15/07/2010,0,0,0,0
16/07/2010,0,0,0,0
17/07/2010,0,0,0,0
18/07/2010,0,0,0,0
19/07/2010,21.3,15.2,8.1,14.9
20/07/2010,0.5,1.5,0.4,0.8
21/07/2010,1.3,2.4,1.6,1.8
22/07/2010,3.3,4.3,4.1,3.9
23/07/2010,6.7,4.3,2.4,4.5
24/07/2010,0,0,0,0
25/07/2010,0,0,0,0
26/07/2010,0,0,0,0
27/07/2010,0,0,0,0
28/07/2010,3.4,1.2,1.3,2
29/07/2010,0.6,0,0,0.2
30/07/2010,0,0,0,0
31/07/2010,0,0,0,0
01/08/2010,10.1,4.6,3.3,6
02/08/2010,1.3,3.2,2.8,2.4
03/08/2010,0,0,0,0
04/08/2010,0,0,0,0
05/08/2010,0,0,0,0
06/08/2010,6.6,4.3,3.2,4.7
07/08/2010,0.7,1.1,0.5,0.8
08/08/2010,4.5,2.7,0.3,2.5
09/08/2010,1.3,0.7,0.8,0.9
10/08/2010,3.7,0.1,1.9,1.9
11/08/2010,0,0,0,0
12/08/2010,9.9,6.7,5.2,7.3
13/08/2010,9.2,9.4,6.9,8.5
14/08/2010,0,0.8,0,0.3
15/08/2010,0,0,0,0
16/08/2010,0,0,0,0
17/08/2010,0,0,0,0
18/08/2010,0,0,0,0
19/08/2010,0,0,0,0
20/08/2010,0,0,0,0
21/08/2010,0,0,0,0
22/08/2010,0,1.8,0,0.6
23/08/2010,0,0,0,0
24/08/2010,0,0,0,0
25/08/2010,0,0,0,0
26/08/2010,0,0,0,0
27/08/2010,1.9,5.1,0,2.3
28/08/2010,3.6,0.4,0,1.3
29/08/2010,11,7,4.4,7.5
30/08/2010,0,0,0,0
31/08/2010,0.5,0,0,0.2
01/09/2010,0.2,0,0,0.1
02/09/2010,0,0,0,0
03/09/2010,0,0,0,0
04/09/2010,1.5,0,0.4,0.6
05/09/2010,12.9,13.1,10.8,12.3
06/09/2010,0,0,0,0
07/09/2010,2.3,0.9,0.3,1.2
08/09/2010,9.9,8.2,4.5,7.5
09/09/2010,1.6,1,0.9,1.2
10/09/2010,0,0,0,0
11/09/2010,5.4,2,0.2,2.5
12/09/2010,1.3,0.4,0.2,0.6
13/09/2010,12.4,10.7,8.4,10.5
14/09/2010,1.6,1,0.2,0.9
15/09/2010,1.6,0.7,0.5,0.9
16/09/2010,25.8,15.8,12.9,18.2
17/09/2010,7.4,6.4,4.1,6
18/09/2010,0,0.1,0,0
19/09/2010,3.6,4,2.6,3.4
20/09/2010,11.1,5.2,4.2,6.8
21/09/2010,5.6,4.4,6.4,5.5
22/09/2010,0,0,3.7,1.2
23/09/2010,0,0,2.5,0.8
24/09/2010,0,0,0,0
25/09/2010,0,0,0,0
26/09/2010,0,0,0,0
27/09/2010,0,0,0,0
28/09/2010,22.4,14.7,6.6,14.6
29/09/2010,0.1,0.1,0,0.1
30/09/2010,0,0,2.1,0.7
01/10/2010,0,0,1.7,0.6
02/10/2010,0,0,0,0
03/10/2010,0,0,0,0
04/10/2010,0,0,0.2,0.1
05/10/2010,3.5,2.4,3.9,3.3
06/10/2010,0,0,0.1,0
07/10/2010,0,0,3.5,1.2
08/10/2010,0,0,0,0
09/10/2010,0,0,0,0
10/10/2010,5.6,4,1.2,3.6
11/10/2010,0.7,0.5,0.1,0.4
12/10/2010,0,0,0,0
13/10/2010,0,0,0,0
14/10/2010,0,0,0,0
15/10/2010,11.1,7.3,7.1,8.5
16/10/2010,0,0,3.6,1.2
17/10/2010,0,0,3,1
18/10/2010,0,0,0,0
19/10/2010,0,0,0,0
20/10/2010,0,0,0,0
21/10/2010,0,0,0,0
22/10/2010,0,0,0.6,0.2
23/10/2010,0,0,0,0
24/10/2010,0.3,0,0.1,0.1
25/10/2010,1.3,0.9,3,1.7
26/10/2010,0.8,0.5,6.9,2.7
27/10/2010,0,0,2,0.7
28/10/2010,0,0,0,0
29/10/2010,0,0,0.7,0.2
30/10/2010,0,0,0,0
31/10/2010,0,0,0,0
01/11/2010,2.1,1.2,4.9,2.7
02/11/2010,8.8,4.5,3.3,5.5
03/11/2010,0,0,0,0
04/11/2010,0,0,0.5,0.2
05/11/2010,0,0,1.1,0.4
06/11/2010,3.4,1.1,1.3,1.9
07/11/2010,6,1.3,3.8,3.7
08/11/2010,2,3.4,1.6,2.3
09/11/2010,0.1,0.2,2.5,0.9
10/11/2010,0,0,0.1,0
11/11/2010,0,0,0,0
12/11/2010,0,0,2,0.7
13/11/2010,0,0,2.2,0.7
14/11/2010,0,0,0,0
15/11/2010,3.3,2.1,0.8,2.1
16/11/2010,15.3,13.9,15.9,15
17/11/2010,4.3,4.6,2.2,3.7
18/11/2010,14.5,9.5,5,9.7
19/11/2010,1.5,1,0.3,0.9
20/11/2010,1.5,1,0.4,1
21/11/2010,2.4,1.5,0.9,1.6
22/11/2010,5.9,3.5,2.7,4
23/11/2010,0.2,0.1,0,0.1
24/11/2010,0,0,0,0
25/11/2010,0,0,0,0
26/11/2010,1,0.3,0,0.4
27/11/2010,0,0,0,0
28/11/2010,2.8,1.8,0.4,1.7
29/11/2010,0.2,0.1,0,0.1
30/11/2010,0,0,0,0
01/12/2010,0,0,0,0
02/12/2010,0,0,0,0
03/12/2010,0,0,0,0
04/12/2010,0,0.1,0,0
05/12/2010,0,0,0,0
06/12/2010,0,0,0,0
07/12/2010,0,0,0,0
08/12/2010,1.5,0.7,0,0.7
09/12/2010,1.2,0.7,0,0.6
10/12/2010,0.4,0.2,0,0.2
11/12/2010,0,0,0,0
12/12/2010,2.2,0.4,0,0.9
13/12/2010,0.4,0.2,0,0.2
14/12/2010,6.3,2.2,0,2.8
15/12/2010,1.1,0.4,0,0.5
16/12/2010,0.1,0.1,0,0.1
17/12/2010,0.2,0.1,0,0.1
18/12/2010,0.7,0.4,0,0.4
19/12/2010,0.4,0.2,0,0.2
20/12/2010,0,0,0,0
21/12/2010,0,0,0,0
22/12/2010,0,0,0,0
23/12/2010,0,0,0,0
24/12/2010,0,0,0,0
25/12/2010,0,0,0,0
26/12/2010,2.7,0.7,0,1.1
27/12/2010,1.7,0.7,0,0.8
28/12/2010,4.1,2.1,0,2.1
29/12/2010,7.5,4.8,3.3,5.2
30/12/2010,1.1,0.7,0.1,0.6
31/12/2010,0,0,0,0
01/01/2011,0,0,0,0
02/01/2011,0,0,0,0
03/01/2011,0,0,0,0
04/01/2011,0,0,0,0
05/01/2011,4,0.1,0,1.4
06/01/2011,0.6,0.3,0,0.3
07/01/2011,1.5,0.3,0,0.6
08/01/2011,11.5,7.1,4.3,7.6
09/01/2011,7.2,4.8,4,5.3
10/01/2011,0.6,0.4,0.4,0.5
11/01/2011,1,0,0,0.3
12/01/2011,3.4,1.8,3.4,2.9
13/01/2011,4.3,1.9,1.9,2.7
14/01/2011,21.2,12.7,10.2,14.7
15/01/2011,1.6,0.8,0,0.8
16/01/2011,2.1,1.3,0.5,1.3
17/01/2011,0.2,0.2,0,0.1
18/01/2011,4.7,3.1,2.5,3.4
19/01/2011,0,0,0,0
20/01/2011,1.2,0.1,0,0.4
21/01/2011,0,0,0,0
22/01/2011,0,0,0,0
23/01/2011,0.3,0.1,0,0.1
24/01/2011,0,0,0,0
25/01/2011,0.1,0,0,0
26/01/2011,0.8,0,0,0.3
27/01/2011,0.1,0,0,0
28/01/2011,7.1,5.4,2.7,5.1
29/01/2011,12.1,8.5,7.1,9.2
30/01/2011,2.1,2.3,1.6,2
31/01/2011,0,0,0,0
01/02/2011,0,0,0,0
02/02/2011,0,0,0,0
03/02/2011,1.6,0,0,0.5
04/02/2011,4,0.7,0,1.6
05/02/2011,6,4.6,7,5.9
06/02/2011,3.8,2.2,1.5,2.5
07/02/2011,4.2,4.4,3.7,4.1
08/02/2011,0.3,0.3,0.1,0.2
09/02/2011,0,0,0,0
10/02/2011,1,0,0,0.3
11/02/2011,2.3,0.1,0,0.8
12/02/2011,22.8,8.8,8.7,13.4
13/02/2011,18.3,7,11.5,12.3
14/02/2011,6.7,0,0,2.2
15/02/2011,11.1,5.9,3.7,6.9
16/02/2011,6,6.3,5,5.8
17/02/2011,0.9,0.2,0.6,0.6
18/02/2011,0.2,0.2,0.2,0.2
19/02/2011,0,0,0,0
20/02/2011,0,0,0,0
21/02/2011,0.7,0,0,0.2
22/02/2011,5.5,2.2,1.3,3
23/02/2011,2.6,1.7,1.4,1.9
24/02/2011,1.1,0.5,0.4,0.7
25/02/2011,0.1,0,0,0
26/02/2011,0,0,0,0
27/02/2011,0.6,0.1,0,0.2
28/02/2011,9.4,9.9,8.4,9.2
01/03/2011,0,0.3,0.8,0.4
02/03/2011,3.3,1,2.6,2.3
03/03/2011,7.9,2.7,0.7,3.8
04/03/2011,3.1,1.6,1.8,2.2
05/03/2011,1.2,0.5,0.2,0.6
06/03/2011,0.7,0.8,0.4,0.6
07/03/2011,2.1,0.9,0,1
08/03/2011,1.2,0,0,0.4
09/03/2011,1.9,0,0,0.6
10/03/2011,15.2,8.2,5.9,9.8
11/03/2011,4.9,0.8,0.9,2.2
12/03/2011,3.3,0.1,0,1.1
13/03/2011,2.5,0,0,0.8
14/03/2011,12.4,2.7,1.2,5.4
15/03/2011,2.3,0.1,0,0.8
16/03/2011,4.7,1.1,0.8,2.2
17/03/2011,3,1.2,0.8,1.7
18/03/2011,0,0,0,0
19/03/2011,0.3,0,0,0.1
20/03/2011,3.7,3.6,1.4,2.9
21/03/2011,3.7,3.1,1.2,2.7
22/03/2011,2,1.3,0.5,1.3
23/03/2011,1.5,0.1,0.5,0.7
24/03/2011,0,0,0,0
25/03/2011,0,0,0,0
26/03/2011,0,0,0,0
27/03/2011,2.9,2.3,0.2,1.8
28/03/2011,2.8,1.2,0.3,1.4
29/03/2011,0.6,0,0,0.2
30/03/2011,7.4,1.3,0.2,3
31/03/2011,6.3,1.9,0.9,3
01/04/2011,3.9,1.3,0.1,1.8
02/04/2011,18.7,14.9,12.3,15.3
03/04/2011,1.9,2.3,1.4,1.9
04/04/2011,68.2,0.1,0,22.8
05/04/2011,5,1,0.7,2.2
06/04/2011,17.5,12,6.9,12.1
07/04/2011,38.4,26.8,15.9,27
08/04/2011,1.2,0.8,0,0.7
09/04/2011,0,0,0,0
10/04/2011,0,0,0,0
11/04/2011,11.6,5.3,4.4,7.1
12/04/2011,0.1,0.1,0,0.1
13/04/2011,1.5,1,0.7,1.1
14/04/2011,6,3.5,1.4,3.6
15/04/2011,0,0,0.1,0
16/04/2011,12.3,8.2,3.5,8
17/04/2011,4.4,3,2.4,3.3
18/04/2011,0.6,0.4,0,0.3
19/04/2011,0.4,0.3,0.2,0.3
20/04/2011,0,0,0.1,0
21/04/2011,2.8,1.8,0.1,1.6
22/04/2011,0,0,0,0
23/04/2011,0,0,0,0
24/04/2011,0,0,0,0
25/04/2011,0,0,0,0
26/04/2011,0,0,0,0
27/04/2011,6.2,2.6,1,3.3
28/04/2011,9.9,6.5,3.6,6.7
29/04/2011,25,14.2,11.9,17
30/04/2011,0.9,0.5,0,0.5
01/05/2011,0.4,0.2,0,0.2
02/05/2011,0,0,0,0
03/05/2011,0.3,0.1,0,0.1
04/05/2011,0,0,1,0.3
05/05/2011,0.8,0.4,2,1.1
06/05/2011,0.8,0.4,0.4,0.5
07/05/2011,0.9,0.5,0.4,0.6
08/05/2011,6.2,2.7,2.1,3.7
09/05/2011,0.8,0.2,0,0.3
10/05/2011,0.3,0,0,0.1
11/05/2011,0.1,0.1,0,0.1
12/05/2011,0.6,0,0,0.2
13/05/2011,0,0.1,0,0
14/05/2011,0.2,0.1,0,0.1
15/05/2011,0.1,0.1,0,0.1
16/05/2011,3.2,0.9,1.1,1.7
17/05/2011,4.2,0,0,1.4
18/05/2011,0,0,0,0
19/05/2011,27.5,23.1,25.7,25.4
20/05/2011,1.3,0.7,0.7,0.9
21/05/2011,0,0,0,0
22/05/2011,0,0,0,0
23/05/2011,3.4,0.7,0.9,1.7
24/05/2011,3.1,1.8,0.4,1.8
25/05/2011,4.8,3.6,2.6,3.7
26/05/2011,25.2,21.5,33.1,26.6
27/05/2011,55.1,45.3,44.2,48.2
28/05/2011,8.8,5.7,4.2,6.2
29/05/2011,0.8,0,0,0.3
30/05/2011,0.1,0,0,0
31/05/2011,0.1,0,0,0
01/06/2011,1,0.2,0,0.4
02/06/2011,0.6,0.3,0.5,0.5
03/06/2011,0.4,0,0,0.1
04/06/2011,0,0,0,0
05/06/2011,0,0,0,0
06/06/2011,0.4,0.8,0.1,0.4
07/06/2011,6.4,5.1,5.1,5.5
08/06/2011,1.4,0.4,0.9,0.9
09/06/2011,0.1,0,0,0
10/06/2011,0,0,0,0
11/06/2011,3.7,5.9,4.8,4.8
12/06/2011,0.2,0,0,0.1
13/06/2011,0.1,0,0,0
14/06/2011,0,0,0,0
15/06/2011,9.9,4.7,4.4,6.3
16/06/2011,25.9,22.1,20.1,22.7
17/06/2011,22.7,15.4,9.4,15.8
18/06/2011,6.2,7.5,2.8,5.5
19/06/2011,10.7,9.9,6.6,9.1
20/06/2011,0,0,0,0
21/06/2011,0,0,0,0
22/06/2011,0,0,0,0
23/06/2011,5.8,5,0,3.6
24/06/2011,1.4,0.5,0,0.6
25/06/2011,0.7,0,0,0.2
26/06/2011,1.3,0.8,0,0.7
27/06/2011,0,0,0,0
28/06/2011,0,0,0,0
29/06/2011,8.8,5.3,0.1,4.7
30/06/2011,0.1,0.2,0,0.1
01/07/2011,0.2,0,0,0.1
02/07/2011,0,0,0,0
03/07/2011,3,2.4,0,1.8
04/07/2011,0,0,0,0
05/07/2011,0,0,0,0
06/07/2011,0.2,0,0,0.1
07/07/2011,0.2,0,0,0.1
08/07/2011,10.2,5.9,0,5.4
09/07/2011,0.2,0,0,0.1
10/07/2011,0,0,0,0
11/07/2011,0.1,0.9,0,0.3
12/07/2011,0,0,0,0
13/07/2011,2.4,1.8,0,1.4
14/07/2011,4.2,1.6,0,1.9
15/07/2011,0,0,0,0
16/07/2011,0,0,0,0
17/07/2011,0,0,0,0
18/07/2011,0.9,0.2,0,0.4
19/07/2011,8.9,8.6,9.6,9
20/07/2011,3.3,1.8,0.2,1.8
21/07/2011,0,0,0,0
22/07/2011,4.7,7.2,2.3,4.7
23/07/2011,0.6,0.3,0,0.3
24/07/2011,0,0,0,0
25/07/2011,0,0,0.1,0
26/07/2011,36.6,33.9,19.9,30.1
27/07/2011,0,0,0,0
28/07/2011,0.2,0,0,0.1
29/07/2011,0,0,0,0
30/07/2011,0.2,0,0,0.1
31/07/2011,0.3,0,0.6,0.3
01/08/2011,8.3,4.7,3.8,5.6
02/08/2011,0,0,0,0
03/08/2011,0,0,0,0
04/08/2011,0,0,0,0
05/08/2011,0,0,0,0
06/08/2011,0.3,0.2,0,0.2
07/08/2011,0,0,0,0
08/08/2011,0,0,0,0
09/08/2011,0,0,0,0
10/08/2011,5.8,4.9,2.4,4.4
11/08/2011,3.1,1.4,0.6,1.7
12/08/2011,0,0,0,0
13/08/2011,0,0,0,0
14/08/2011,0,0,0,0
15/08/2011,7.5,5.7,0.6,4.6
16/08/2011,0,0.2,0,0.1
17/08/2011,0,0,0,0
18/08/2011,0.2,0.5,0,0.2
19/08/2011,0,0,0,0
20/08/2011,0,0,0,0
21/08/2011,0,0,0,0
22/08/2011,0,0,0,0
23/08/2011,0,0,0,0
24/08/2011,0,0,0,0
25/08/2011,0,0,0,0
26/08/2011,0,0,0,0
27/08/2011,0,0,0,0
28/08/2011,0,0,0,0
29/08/2011,0,0,0,0
30/08/2011,12.5,8.2,4.3,8.3
31/08/2011,25.2,19.4,15.1,19.9
01/09/2011,4,3.3,1.9,3.1
02/09/2011,4.1,3.5,0,2.5
03/09/2011,0,0.2,0,0.1
04/09/2011,0,0,0,0
05/09/2011,0,0,0,0
06/09/2011,0,0,0,0
07/09/2011,0,0,0,0
08/09/2011,0,0,0,0
09/09/2011,0,0,0,0
10/09/2011,0,0,0,0
11/09/2011,0,0,0,0
12/09/2011,0.1,0,0,0
13/09/2011,0.1,0,0,0
14/09/2011,1.7,2.1,0.6,1.5
15/09/2011,0.2,0.1,0,0.1
16/09/2011,2.5,0.6,0,1
17/09/2011,10.1,3.2,0.7,4.7
18/09/2011,4,2,0,2
19/09/2011,16.8,12.7,11.9,13.8
20/09/2011,0,0,0,0
21/09/2011,0,0,0,0
22/09/2011,0,0,0,0
23/09/2011,0,0,0,0
24/09/2011,0.1,0,0,0
25/09/2011,0,0,0,0
26/09/2011,3.8,0.5,0.6,1.6
27/09/2011,18.7,9.6,0.8,9.7
28/09/2011,0.6,0,0,0.2
29/09/2011,0,0,0,0
30/09/2011,0,0,0,0
01/10/2011,1.6,0.9,0.6,1
02/10/2011,0,0,0,0
03/10/2011,0,0,0,0
04/10/2011,0,0,0,0
05/10/2011,2.6,0.6,0.7,1.3
06/10/2011,14.7,15.7,15.8,15.4
07/10/2011,18.9,15.7,9.6,14.7
08/10/2011,1.2,0,0,0.4
09/10/2011,0.1,0,0,0
10/10/2011,0.1,0,0,0
11/10/2011,2.2,0,0,0.7
12/10/2011,0.6,0,0,0.2
13/10/2011,0,0,0,0
14/10/2011,0,0,0,0
15/10/2011,0,0,0,0
16/10/2011,0,0,0,0
17/10/2011,0,0,0,0
18/10/2011,0,0,0,0
19/10/2011,0,0,0,0
20/10/2011,3.8,0.1,0,1.3
21/10/2011,0.2,0,0,0.1
22/10/2011,4,1.2,0,1.7
23/10/2011,13.9,6.5,1.8,7.4
24/10/2011,1.7,0,0,0.6
25/10/2011,0,0,0,0
26/10/2011,1.2,0,0,0.4
27/10/2011,0.1,0,0,0
28/10/2011,0.4,0,0,0.1
29/10/2011,0.5,0,0,0.2
30/10/2011,0.7,0,0,0.2
31/10/2011,2.3,0,0.1,0.8
01/11/2011,0,0,0,0
02/11/2011,0,0,0,0
03/11/2011,0.2,0.1,0,0.1
04/11/2011,7,2,1.8,3.6
05/11/2011,0.5,0,0,0.2
06/11/2011,0.1,0,0,0
07/11/2011,0.3,0,0,0.1
08/11/2011,0.2,0,0,0.1
09/11/2011,0.2,0.1,0,0.1
10/11/2011,0.5,0.7,0,0.4
11/11/2011,1.2,0.1,0,0.4
12/11/2011,4.5,0.3,0,1.6
13/11/2011,3.3,0.5,0,1.3
14/11/2011,4.8,2.4,0.9,2.7
15/11/2011,0.6,0,0,0.2
16/11/2011,0.6,0,0,0.2
17/11/2011,2.5,0.4,0.6,1.2
18/11/2011,1.5,0.7,0.6,0.9
19/11/2011,0.6,0.2,0,0.3
20/11/2011,0,0,0,0
21/11/2011,2.4,0.3,0,0.9
22/11/2011,18.8,12.8,5.7,12.4
23/11/2011,28.2,26.5,32.1,28.9
24/11/2011,15.4,3.3,4,7.6
25/11/2011,3.4,1,0,1.5
26/11/2011,5.2,0.1,0,1.8
27/11/2011,15.9,6.2,4.9,9
28/11/2011,8.6,1.9,0.8,3.8
29/11/2011,2.7,0,0,0.9
30/11/2011,8.8,5.2,5.3,6.4
01/12/2011,0.6,0,0,0.2
02/12/2011,0.8,0.1,0.1,0.3
03/12/2011,0.5,0.1,0.1,0.2
04/12/2011,7.1,9.5,8.8,8.5
05/12/2011,0.1,0,0,0
06/12/2011,0,0,0,0
07/12/2011,0.3,0.4,0.1,0.3
08/12/2011,0.4,0,0,0.1
09/12/2011,0,0,0,0
10/12/2011,0,0,0,0
11/12/2011,5.7,4.4,2.2,4.1
12/12/2011,1.1,0.1,0.2,0.5
13/12/2011,0,0,0,0
14/12/2011,0,0,0,0
15/12/2011,0,0,0,0
16/12/2011,1,0.1,0,0.4
17/12/2011,3.2,0.3,0,1.2
18/12/2011,26,12.9,10.3,16.4
19/12/2011,4.6,0.4,1,2
20/12/2011,2.1,0.7,0,0.9
21/12/2011,1.1,0.2,0.5,0.6
22/12/2011,0,0,0,0
23/12/2011,0.7,0,0,0.2
24/12/2011,0.4,0,0,0.1
25/12/2011,5.9,0.6,0,2.2
26/12/2011,1.6,0.2,0,0.6
27/12/2011,2.9,0.2,0,1
28/12/2011,6.5,1.6,0.1,2.7
29/12/2011,5.8,1.7,0.5,2.7
30/12/2011,5.1,2.2,1.6,3
31/12/2011,0.8,0.2,0,0.3
01/01/2012,0.1,0,0,0
02/01/2012,2,0.4,0,0.8
03/01/2012,2.8,0.1,0,1
04/01/2012,7.1,5.6,5.4,6
05/01/2012,16.7,7.5,6,10.1
06/01/2012,1.2,0.2,0,0.5
07/01/2012,0.1,0.1,0,0.1
08/01/2012,4.4,0,0,1.5
09/01/2012,4.8,1.3,0,2
10/01/2012,18,13,11.5,14.2
11/01/2012,0.5,1,0,0.5
12/01/2012,0,0,0,0
13/01/2012,0,0,0,0
14/01/2012,3.5,1,0.6,1.7
15/01/2012,8.5,6.1,6.7,7.1
16/01/2012,3.3,2.3,1.8,2.5
17/01/2012,5.8,4.9,3.8,4.8
18/01/2012,1.4,1.5,1.4,1.4
19/01/2012,0,0,0,0
20/01/2012,0.7,0,0,0.2
21/01/2012,9,0.1,0,3
22/01/2012,1.1,0,0,0.4
23/01/2012,5.8,0.3,0,2
24/01/2012,9.2,1.6,0,3.6
25/01/2012,8.1,2.1,0.9,3.7
26/01/2012,5.5,2.2,1.2,3
27/01/2012,1.8,0.2,0,0.7
28/01/2012,0.8,0,0,0.3
29/01/2012,9.6,1.9,0.5,4
30/01/2012,2,0.3,0,0.8
31/01/2012,2.1,0.2,0,0.8
01/02/2012,0,0.1,0.4,0.2
02/02/2012,0,0.2,0.5,0.2
03/02/2012,0,0,0,0
04/02/2012,0,0,0,0
05/02/2012,0,0,0,0
06/02/2012,0.2,0.3,0,0.2
07/02/2012,0,0,0.2,0.1
08/02/2012,0,0,0,0
09/02/2012,0,0,0,0
10/02/2012,0,0.1,0,0
11/02/2012,0,0,0,0
12/02/2012,0,0,0,0
13/02/2012,5.4,3.1,4,4.2
14/02/2012,1.4,1.4,0.5,1.1
15/02/2012,0,0,0,0
16/02/2012,0,0,0,0
17/02/2012,0.2,0.1,0,0.1
18/02/2012,1.4,0.2,0,0.5
19/02/2012,1.3,0.2,0,0.5
20/02/2012,1,1,0.5,0.8
21/02/2012,1.4,0,0,0.5
22/02/2012,7.3,3.3,1.5,4
23/02/2012,0.5,0.1,0.2,0.3
24/02/2012,0.3,0,0.1,0.1
25/02/2012,4.8,3.3,2.3,3.5
26/02/2012,3.7,2.6,2,2.8
27/02/2012,0,0,0,0
28/02/2012,0,0,0,0
29/02/2012,0.4,0,0,0.1
01/03/2012,0.3,0.1,0,0.1
02/03/2012,0.4,0,0,0.1
03/03/2012,3.6,0.8,0,1.5
04/03/2012,11.8,5,3.9,6.9
05/03/2012,35.2,28.1,21.9,28.4
06/03/2012,6.4,5.8,5.1,5.8
07/03/2012,2.5,0,0,0.8
08/03/2012,2.5,0,0,0.8
09/03/2012,10.2,0.6,0,3.6
10/03/2012,8.3,0.2,0,2.8
11/03/2012,9.5,3.2,4.3,5.7
12/03/2012,5.3,2.9,0.3,2.8
13/03/2012,44.4,23.6,14.1,27.4
14/03/2012,1.1,0.6,0,0.6
15/03/2012,10.6,5.7,3.9,6.7
16/03/2012,9,4.9,3.4,5.8
17/03/2012,3.2,2,0.9,2
18/03/2012,0.1,0.1,0,0.1
19/03/2012,0.9,0.6,0.6,0.7
20/03/2012,4.8,2.9,2,3.2
21/03/2012,0.4,0.3,0,0.2
22/03/2012,10.6,6.8,4.7,7.4
23/03/2012,1.7,1.1,1.2,1.3
24/03/2012,0,0,0,0
25/03/2012,0,0,0,0
26/03/2012,6.5,4.2,0.8,3.8
27/03/2012,0.2,0.1,0,0.1
28/03/2012,0.9,0.4,0,0.4
29/03/2012,6.3,3.8,0.8,3.6
30/03/2012,17.1,10,7,11.4
31/03/2012,3,1.9,0.3,1.7
01/04/2012,9.4,5.9,2.4,5.9
02/04/2012,2.2,1.2,0,1.1
03/04/2012,0,0,0,0
04/04/2012,12.4,7.9,5.6,8.6
05/04/2012,7.9,5.3,3,5.4
06/04/2012,0,0,0,0
07/04/2012,0,0,0,0
08/04/2012,0,0,0,0
09/04/2012,0,0,0,0
10/04/2012,0,0,0,0
11/04/2012,0,0,0,0
12/04/2012,19.8,13.2,15.5,16.2
13/04/2012,2.6,1.7,1.9,2.1
14/04/2012,12.9,8.6,5.7,9.1
15/04/2012,0,0,0.1,0
16/04/2012,0,0,0,0
17/04/2012,0,0,0,0
18/04/2012,0,0,0.2,0.1
19/04/2012,0,0,0,0
20/04/2012,0,0,0.6,0.2
21/04/2012,0,0,0,0
22/04/2012,0,0,0,0
23/04/2012,0,0,0,0
24/04/2012,6.3,4.2,5.3,5.3
25/04/2012,0,0,0,0
26/04/2012,2.1,1.4,1.3,1.6
27/04/2012,0,0,0,0
28/04/2012,0,0,0,0
29/04/2012,0,0,0,0
30/04/2012,0,0,0,0
01/05/2012,3.1,2.1,0.3,1.8
02/05/2012,21.5,14.5,8.4,14.8
03/05/2012,0.1,0.1,0,0.1
04/05/2012,0.1,0.1,0,0.1
05/05/2012,20.1,12.5,11.7,14.8
06/05/2012,0,0,0,0
07/05/2012,0,0,0,0
08/05/2012,0,0,0,0
09/05/2012,2.6,2.8,2.3,2.6
10/05/2012,14.3,1.1,0.5,5.3
11/05/2012,3,0,0,1
12/05/2012,0,0,0,0
13/05/2012,0,0,0,0
14/05/2012,0,0,0,0
15/05/2012,0,0,0,0
16/05/2012,0,0,0,0
17/05/2012,11.8,8.4,4.3,8.2
18/05/2012,0.1,0,0,0
19/05/2012,0,0,0,0
20/05/2012,0,0,0,0
21/05/2012,0,0,0,0
22/05/2012,3.6,1.6,0.2,1.8
23/05/2012,5.3,4.8,5.9,5.3
24/05/2012,17.3,14.2,6,12.5
25/05/2012,7.3,4.7,0.8,4.3
26/05/2012,0.1,0,0,0
27/05/2012,0,0,0,0
28/05/2012,0,0,0,0
29/05/2012,0,0,0,0
30/05/2012,0,0,0,0
31/05/2012,0.1,0,0,0
01/06/2012,0,0,0,0
02/06/2012,0.6,0,0,0.2
03/06/2012,0.1,0,0,0
04/06/2012,0.5,0,0,0.2
05/06/2012,19.3,19.2,18,18.8
06/06/2012,50.4,44.1,38.2,44.2
07/06/2012,0,0,0,0
08/06/2012,15.9,13,9,12.6
09/06/2012,29.3,26.6,20,25.3
10/06/2012,3.9,7.1,4.6,5.2
11/06/2012,0,0,0,0
12/06/2012,0,0,0,0
13/06/2012,3.9,0.7,0,1.5
14/06/2012,3,3.6,1.9,2.8
15/06/2012,2.3,0.8,0.7,1.3
16/06/2012,3.8,5.2,2.9,4
17/06/2012,0.6,0.8,0.2,0.5
18/06/2012,11.9,9.7,4.7,8.8
19/06/2012,11.4,6.5,6.7,8.2
20/06/2012,1.3,1.3,3.3,2
21/06/2012,0,0,0,0
22/06/2012,7.1,6.2,3.3,5.5
23/06/2012,9.4,8.6,8.8,8.9
24/06/2012,9.1,8.6,6.5,8.1
25/06/2012,6.5,5.4,5.2,5.7
26/06/2012,30.7,28.8,27.6,29
27/06/2012,3.3,4,3.1,3.5
28/06/2012,0.1,0,0,0
29/06/2012,0.1,0,0,0
30/06/2012,0,0,0,0
01/07/2012,0.6,0.1,0,0.2
02/07/2012,0.3,0,0,0.1
03/07/2012,5.1,4.5,0,3.2
04/07/2012,0,0,0,0
05/07/2012,0,0,0,0
06/07/2012,0,0,0,0
07/07/2012,0,0,0,0
08/07/2012,0,0,0,0
09/07/2012,0,0,0,0
10/07/2012,0,0,0,0
11/07/2012,0,0,0,0
12/07/2012,0,0,0,0
13/07/2012,0,0,0,0
14/07/2012,1.5,0.4,0,0.6
15/07/2012,17.3,16.7,14.8,16.3
16/07/2012,4.7,1.3,0,2
17/07/2012,0,0,0,0
18/07/2012,0,0,0,0
19/07/2012,0,0,0,0
20/07/2012,10.3,16.6,8,11.6
21/07/2012,0.2,0,0,0.1
22/07/2012,0,0,0,0
23/07/2012,0.9,1.1,0,0.7
24/07/2012,0,0,0,0
25/07/2012,3.4,1.1,0,1.5
26/07/2012,4.8,6.1,5.1,5.3
27/07/2012,0.1,1.1,1.6,0.9
28/07/2012,0,0,0,0
29/07/2012,0,0,0,0
30/07/2012,0,0,0,0
31/07/2012,13,5.9,0.8,6.6
01/08/2012,0.2,0.2,0.1,0.2
02/08/2012,13.8,8.9,7.5,10.1
03/08/2012,1.4,3.2,1.1,1.9
04/08/2012,0,0,0,0
05/08/2012,0,0,0,0
06/08/2012,0,0,0,0
07/08/2012,0,0.5,0,0.2
08/08/2012,0,1.8,0,0.6
09/08/2012,0,0,0,0
10/08/2012,0,0,0,0
11/08/2012,0,0,0,0
12/08/2012,0,0,0,0
13/08/2012,0,0,0,0
14/08/2012,11.7,9.5,6.1,9.1
15/08/2012,0.8,0,0.4,0.4
16/08/2012,0,0,0,0
17/08/2012,0,0,0,0
18/08/2012,0,0,0,0
19/08/2012,3,6.1,12.5,7.2
20/08/2012,5.4,4.3,0.6,3.4
21/08/2012,0,0,0,0
22/08/2012,0,0,0,0
23/08/2012,0.2,1,0,0.4
24/08/2012,8.3,12.5,8,9.6
25/08/2012,0,0,0,0
26/08/2012,0,0,0,0
27/08/2012,0,0,0,0
28/08/2012,0,0,0,0
29/08/2012,5.3,3.8,1.3,3.5
30/08/2012,0,0,0,0
31/08/2012,0,0,0,0
01/09/2012,0.3,0.5,0,0.3
02/09/2012,3.7,4.4,0.7,2.9
03/09/2012,0,0,0,0
04/09/2012,0,0,0,0
05/09/2012,8.1,5.7,4.6,6.1
06/09/2012,1,0.4,0.7,0.7
07/09/2012,0,0,0.1,0
08/09/2012,0,0,0,0
09/09/2012,11.5,9.1,4.5,8.4
10/09/2012,4.9,8.1,5.4,6.1
11/09/2012,4.4,0,0,1.5
12/09/2012,0,0,0,0
13/09/2012,0,0,0,0
14/09/2012,0,0,0,0
15/09/2012,0,0,0,0
16/09/2012,0,0,0,0
17/09/2012,0,0,0,0
18/09/2012,0,0,0,0
19/09/2012,0,0,0,0
20/09/2012,0,0,0,0
21/09/2012,0,0,0,0
22/09/2012,0,0,0,0
23/09/2012,0,0,0,0
24/09/2012,0,0,0,0
25/09/2012,14.7,16.2,17,16
26/09/2012,0.3,0.3,0.2,0.3
27/09/2012,0,0,0,0
28/09/2012,0,0,0,0
29/09/2012,0.5,0,0,0.2
30/09/2012,0,0,0,0
01/10/2012,2.2,0,0,0.7
02/10/2012,23.3,17.6,5.7,15.5
03/10/2012,8.2,3.1,0,3.8
04/10/2012,0,0.4,0,0.1
05/10/2012,0,0.2,0,0.1
06/10/2012,0,0,0,0
07/10/2012,0,0,0,0
08/10/2012,7.8,6,7.7,7.2
09/10/2012,0,0,0.1,0
10/10/2012,1.9,0.1,0.2,0.7
11/10/2012,1.7,0,0.3,0.7
12/10/2012,0,0,0.1,0
13/10/2012,0.3,0,0,0.1
14/10/2012,0.6,0,0,0.2
15/10/2012,0.3,0,0,0.1
16/10/2012,5.9,2.5,2.8,3.7
17/10/2012,0.1,0,0,0
18/10/2012,0,0,0,0
19/10/2012,4.5,0.8,0.1,1.8
20/10/2012,16.4,9.9,4,10.1
21/10/2012,1.8,1.5,0.3,1.2
22/10/2012,5.4,5.6,2.2,4.4
23/10/2012,7.7,4.7,4.1,5.5
24/10/2012,1.5,0.5,0,0.7
25/10/2012,1.4,0.9,0.1,0.8
26/10/2012,0.5,0.1,0.1,0.2
27/10/2012,0.3,0,0.4,0.2
28/10/2012,0.6,0,0,0.2
29/10/2012,1.8,0,0,0.6
30/10/2012,12.5,5.9,2.6,7
31/10/2012,0.6,0.6,0.3,0.5
01/11/2012,1,0.1,0,0.4
02/11/2012,0.5,0.1,0,0.2
03/11/2012,11.6,2.9,3.5,6
04/11/2012,1.1,0.5,0.1,0.6
05/11/2012,5.4,2.8,0.1,2.8
06/11/2012,11,8.4,6.1,8.5
07/11/2012,19.8,10.2,11.2,13.7
08/11/2012,8.2,4.4,2.9,5.2
09/11/2012,4.6,2.5,2.1,3.1
10/11/2012,0.5,0.2,0,0.2
11/11/2012,0.1,0,0,0
12/11/2012,0.4,0,0,0.1
13/11/2012,1,0,0,0.3
14/11/2012,0.8,0,0,0.3
15/11/2012,0,0,0,0
16/11/2012,0,0,0,0
17/11/2012,0.4,0,0,0.1
18/11/2012,10.5,2.9,2.1,5.2
19/11/2012,10.6,7.2,2.3,6.7
20/11/2012,13,12.6,9.9,11.8
21/11/2012,10.1,10.3,16,12.1
22/11/2012,0.5,0.3,0.1,0.3
23/11/2012,2.9,0.1,0,1
24/11/2012,1.3,0.3,0.1,0.6
25/11/2012,0,0,0,0
26/11/2012,0,0,0,0
27/11/2012,0,0,0,0
28/11/2012,0,0.1,0,0
29/11/2012,2,0.4,0.2,0.9
30/11/2012,3.3,1.4,2.4,2.4
01/12/2012,7.6,1.4,0.6,3.2
02/12/2012,4.4,2.3,1.5,2.7
03/12/2012,4.7,0.8,0.4,2
04/12/2012,5.7,1.3,0.1,2.4
05/12/2012,20.5,9.4,4.8,11.6
06/12/2012,1.6,0.6,0.3,0.8
07/12/2012,2.8,2.6,2.7,2.7
08/12/2012,0.7,0.4,0.5,0.5
09/12/2012,1.8,0.1,0,0.6
10/12/2012,1.1,0,0,0.4
11/12/2012,3.8,0.2,0,1.3
12/12/2012,0.5,0.4,0.5,0.5
13/12/2012,0,0,0,0
14/12/2012,0.4,0,0.1,0.2
15/12/2012,0.1,0,0,0
16/12/2012,0.9,0.2,0,0.4
17/12/2012,2,1.2,0.9,1.4
18/12/2012,0.9,0.1,0,0.3
19/12/2012,1.1,0,0,0.4
20/12/2012,1.8,0,0,0.6
21/12/2012,4.3,1.4,0.8,2.2
22/12/2012,4.4,4.9,0.6,3.3
23/12/2012,1.8,0.7,0.6,1
24/12/2012,0,0,0.2,0.1
25/12/2012,0.3,0,0.2,0.2
26/12/2012,0.1,0,0.1,0.1
27/12/2012,0,0,0.5,0.2
28/12/2012,0,0,0.5,0.2
29/12/2012,0,0,0.5,0.2
30/12/2012,0,0.1,0.3,0.1
31/12/2012,0,0,1,0.3
01/01/2013,0,0,0,0
02/01/2013,0,0,0,0
03/01/2013,0,0,0,0
04/01/2013,0.2,0.9,0,0.4
05/01/2013,0.1,0.1,0,0.1
06/01/2013,2.7,0.5,0,1.1
07/01/2013,2,0.1,0,0.7
08/01/2013,2.1,0.3,0,0.8
09/01/2013,20.1,13.8,17.9,17.3
10/01/2013,11.9,5,5.7,7.5
11/01/2013,0.6,0.2,0.1,0.3
12/01/2013,0.9,0.8,0,0.6
13/01/2013,0.2,0,0,0.1
14/01/2013,0.3,0,0,0.1
15/01/2013,2.7,0,0,0.9
16/01/2013,2.6,0,0,0.9
17/01/2013,2.4,0,0,0.8
18/01/2013,0.2,0,0,0.1
19/01/2013,0,0,0,0
20/01/2013,1.2,0,0,0.4
21/01/2013,0,0,0,0
22/01/2013,0,0,0,0
23/01/2013,2,0,0,0.7
24/01/2013,2,0,0,0.7
25/01/2013,5.4,1.2,0,2.2
26/01/2013,0,0,0.1,0
27/01/2013,0.2,0,0,0.1
28/01/2013,0.3,0,0,0.1
29/01/2013,2.8,0.9,0.4,1.4
30/01/2013,0.9,0,0.2,0.4
31/01/2013,0.2,0,0,0.1
01/02/2013,0,0,0,0
02/02/2013,0,0,0,0
03/02/2013,0,0,0,0
04/02/2013,1.3,0,0.1,0.5
05/02/2013,2,0.4,0.4,0.9
06/02/2013,1.4,0.1,0,0.5
07/02/2013,0,0,0.1,0
08/02/2013,0,0,0.1,0
09/02/2013,1.1,0.3,0.7,0.7
10/02/2013,0.1,0,0,0
11/02/2013,0,0,0,0
12/02/2013,0.9,0.1,0,0.3
13/02/2013,2.2,0.2,0,0.8
14/02/2013,0,0,0,0
15/02/2013,0,0,0,0
16/02/2013,0.8,0,0,0.3
17/02/2013,22.7,17.6,12.3,17.5
18/02/2013,0.4,0,0,0.1
19/02/2013,0.3,0,0,0.1
20/02/2013,0.2,0,0.2,0.1
21/02/2013,0,0,0,0
22/02/2013,12,0,0,4
23/02/2013,1.1,0,0,0.4
24/02/2013,1.2,0,0,0.4
25/02/2013,0.6,0,0,0.2
26/02/2013,0.5,0,0,0.2
27/02/2013,0.1,0,0,0
28/02/2013,0.5,0,0,0.2
01/03/2013,9.4,1.6,1.3,4.1
02/03/2013,11.2,2,4.2,5.8
03/03/2013,23.2,16.9,14.8,18.3
04/03/2013,0.1,0.5,0.1,0.2
05/03/2013,0,0,0,0
06/03/2013,3.2,3.1,1.4,2.6
07/03/2013,1.3,0.6,1.3,1.1
08/03/2013,0,0,0.1,0
09/03/2013,0.1,0,0,0
10/03/2013,0.5,0,0,0.2
11/03/2013,1.3,0.4,0,0.6
12/03/2013,0.7,0,0,0.2
13/03/2013,11.4,2.9,3.2,5.8
14/03/2013,3.3,0.1,0,1.1
15/03/2013,6.9,2,0.9,3.3
16/03/2013,0.4,0.1,0,0.2
17/03/2013,8.8,8,2.3,6.4
18/03/2013,3.4,1.4,3.8,2.9
19/03/2013,0,0,0,0
20/03/2013,8.5,0,0,2.8
21/03/2013,8.2,4.7,4.3,5.7
22/03/2013,5.4,1.7,0.4,2.5
23/03/2013,0,0,0,0
24/03/2013,0,0,0,0
25/03/2013,0,0,0,0
26/03/2013,0,0,0,0
27/03/2013,0,0,0,0
28/03/2013,0,0,0,0
29/03/2013,0,0,0,0
30/03/2013,0,0,0,0
31/03/2013,0,0,0,0
01/04/2013,0,0,0,0
02/04/2013,0,0,0,0
03/04/2013,6.8,4.7,2.1,4.5
04/04/2013,1.3,0.3,0.1,0.6
05/04/2013,8.7,2.3,0.7,3.9
06/04/2013,2.1,1.4,1.3,1.6
07/04/2013,2.9,1.7,1.5,2
08/04/2013,4.2,1.7,1.2,2.4
09/04/2013,0,0,0,0
10/04/2013,0.9,0,0,0.3
11/04/2013,9.8,6.4,4.9,7
12/04/2013,1.2,2.1,3.1,2.1
13/04/2013,11.1,8,11,10
14/04/2013,10.1,8.1,8.7,9
15/04/2013,5.3,2.4,1.8,3.2
16/04/2013,6.2,4.7,3.6,4.8
17/04/2013,0,0,0,0
18/04/2013,0,0,0,0
19/04/2013,0.4,0,0,0.1
20/04/2013,12.6,8.5,7.1,9.4
21/04/2013,4.4,2.1,3.6,3.4
22/04/2013,0,0,0,0
23/04/2013,0,0,0,0
24/04/2013,0,0,0,0
25/04/2013,0,0,0,0
26/04/2013,0,0,0.1,0
27/04/2013,7.1,1.7,3.5,4.1
28/04/2013,0.8,0.2,0,0.3
29/04/2013,23.1,14.8,15.7,17.9
30/04/2013,5.8,3.6,2.6,4
01/05/2013,0,0,0,0
02/05/2013,0,0,0,0
03/05/2013,0,0,0,0
04/05/2013,0,0,0,0
05/05/2013,0,0,0,0
06/05/2013,0,0,0,0
07/05/2013,0,0,0,0
08/05/2013,0,0,0,0
09/05/2013,0,0,0,0
10/05/2013,0,0,0,0
11/05/2013,0,0,0,0
12/05/2013,3.9,1.2,0,1.7
13/05/2013,14.3,8.3,1.7,8.1
14/05/2013,0,0,0,0
15/05/2013,0,0,0,0
16/05/2013,2.3,1.1,0,1.1
17/05/2013,0.1,0,0,0
18/05/2013,3.3,2.4,0,1.9
19/05/2013,2.3,2.7,2.5,2.5
20/05/2013,0,0.2,0,0.1
21/05/2013,0,0,0,0
22/05/2013,13.8,15.9,19.2,16.3
23/05/2013,44.1,40.9,50.1,45
24/05/2013,23.5,16.7,10,16.7
25/05/2013,16.5,2.5,0.7,6.6
26/05/2013,0,0,0,0
27/05/2013,0,0,0,0
28/05/2013,2.9,2.2,1.7,2.3
29/05/2013,1.5,0.7,0.2,0.8
30/05/2013,6.8,7.3,4,6
31/05/2013,5,2.9,1.7,3.2
01/06/2013,0,0,0,0
02/06/2013,13.8,9.3,11.5,11.5
03/06/2013,23,13.2,13.5,16.6
04/06/2013,0,0.2,0,0.1
05/06/2013,0.3,0,0,0.1
06/06/2013,0,0.2,0,0.1
07/06/2013,0.2,0.2,0,0.1
08/06/2013,0.4,0.3,0,0.2
09/06/2013,2,1.8,0,1.3
10/06/2013,0,0.2,0,0.1
11/06/2013,1.9,1.8,0.1,1.3
12/06/2013,3.4,2.9,0.6,2.3
13/06/2013,0.7,0.5,0.1,0.4
14/06/2013,1.2,0.3,0,0.5
15/06/2013,0,0,0,0
16/06/2013,0,0,0,0
17/06/2013,2.1,2.6,0.2,1.6
18/06/2013,1.8,5.7,4.1,3.9
19/06/2013,35.5,32.7,39.9,36
20/06/2013,113.4,128.4,127.5,123.1
21/06/2013,79.7,63.7,80.5,74.6
22/06/2013,19.9,8.2,3.5,10.5
23/06/2013,5.8,1.4,2.9,3.4
24/06/2013,2.6,0.5,0,1
25/06/2013,0.7,0,0,0.2
26/06/2013,1.2,0.2,0,0.5
27/06/2013,0,0,0,0
28/06/2013,0,0,0,0
29/06/2013,0,0,0,0
30/06/2013,0,0,0,0
01/07/2013,0,0,0,0
02/07/2013,0,0,0,0
03/07/2013,0,0,0,0
04/07/2013,0,0,0,0
05/07/2013,8.2,4.7,0,4.3
06/07/2013,0,0.6,0,0.2
07/07/2013,0,0,0,0
08/07/2013,15.4,11,6.6,11
09/07/2013,0,0,0,0
10/07/2013,0,0,0,0
11/07/2013,0,0,0,0
12/07/2013,0,0,0,0
13/07/2013,0.9,0.5,0,0.5
14/07/2013,0,0,0,0
15/07/2013,0.8,1.6,0,0.8
16/07/2013,0,0,0,0
17/07/2013,11.4,12.6,6.1,10
18/07/2013,0.4,0,0,0.1
19/07/2013,0,0.6,0,0.2
20/07/2013,0,0,0,0
21/07/2013,0,0,0,0
22/07/2013,5.5,4.2,2.1,3.9
23/07/2013,1.1,1.9,1.2,1.4
24/07/2013,0.1,0,0,0
25/07/2013,0.7,0.1,0.3,0.4
26/07/2013,0,0,0,0
27/07/2013,0.1,0,0,0
28/07/2013,5,3.8,2.6,3.8
29/07/2013,15.4,12.9,10.6,13
30/07/2013,0,0.1,0,0
31/07/2013,0,0,0,0
01/08/2013,0.6,1.3,2.2,1.4
02/08/2013,9.8,6.5,7.5,7.9
03/08/2013,0,0,0,0
04/08/2013,5.8,6.8,0.2,4.3
05/08/2013,5.5,5.2,2.8,4.5
06/08/2013,2.8,3.1,1.9,2.6
07/08/2013,2,1.4,0,1.1
08/08/2013,5.7,4.8,4.1,4.9
09/08/2013,0.1,0.1,0.5,0.2
10/08/2013,4.5,1.1,0,1.9
11/08/2013,0,0,0,0
12/08/2013,2.9,0,0.3,1.1
13/08/2013,0,0,0.1,0
14/08/2013,0,0,0,0
15/08/2013,0,0,0,0
16/08/2013,0,0,0,0
17/08/2013,3.6,0,3.2,2.3
18/08/2013,0,0,0.1,0
19/08/2013,0,0,0,0
20/08/2013,0,0,0,0
21/08/2013,0,0,0,0
22/08/2013,0,0,0,0
23/08/2013,0.8,0,0,0.3
24/08/2013,4.6,2.7,2.1,3.1
25/08/2013,0,0.1,0.1,0.1
26/08/2013,8.5,5.6,7.1,7.1
27/08/2013,0,0,0,0
28/08/2013,0,0,0,0
29/08/2013,0.5,0,0,0.2
30/08/2013,6.9,2.9,4,4.6
31/08/2013,0,0.2,0.1,0.1
01/09/2013,0,0,0,0
02/09/2013,0,0,0,0
03/09/2013,0,0,0,0
04/09/2013,0,0,0,0
05/09/2013,0,0.2,0,0.1
06/09/2013,20,14.3,9.8,14.7
07/09/2013,6.1,6.6,7,6.6
08/09/2013,0.5,0.3,0.4,0.4
09/09/2013,0,0,0.1,0
10/09/2013,0,0,0,0
11/09/2013,0,0,0,0
12/09/2013,0,0,0,0
13/09/2013,0,0,0,0
14/09/2013,0,0,0,0
15/09/2013,0,0,0,0
16/09/2013,10,3,3,5.3
17/09/2013,1.3,0,2.3,1.2
18/09/2013,25.3,27.5,27.9,26.9
19/09/2013,0,0,0,0
20/09/2013,0,0,0,0
21/09/2013,2.2,1.3,0,1.2
22/09/2013,0.4,0.1,0,0.2
23/09/2013,3.3,0.6,0,1.3
24/09/2013,5.1,2.5,0,2.5
25/09/2013,10.4,6.3,5.5,7.4
26/09/2013,0,0,0,0
27/09/2013,0,0,0,0
28/09/2013,0,0,0,0
29/09/2013,14.4,7.9,4,8.8
30/09/2013,4.1,2,3,3
01/10/2013,0,0,0,0
02/10/2013,0,0,0,0
03/10/2013,3.1,2.5,0,1.9
04/10/2013,0,0,0,0
05/10/2013,0,0,0,0
06/10/2013,0,0,0,0
07/10/2013,0,0,0,0
08/10/2013,9.6,9.1,6.7,8.5
09/10/2013,0,1.3,1.2,0.8
10/10/2013,6.9,1.8,1.5,3.4
11/10/2013,0,0,0,0
12/10/2013,0,0,0,0
13/10/2013,0,0,0,0
14/10/2013,0,0,0,0
15/10/2013,0,0,0,0
16/10/2013,11,7,3.7,7.2
17/10/2013,0,0,0,0
18/10/2013,0,0,0,0
19/10/2013,0,0,0,0
20/10/2013,0,0,0,0
21/10/2013,0,0,0,0
22/10/2013,0,0,0,0
23/10/2013,0,0,0,0
24/10/2013,0,0,0,0
25/10/2013,0,0,0,0
26/10/2013,0,0,0,0
27/10/2013,22.2,17.8,13.6,17.9
28/10/2013,0.6,1.1,0.8,0.8
29/10/2013,0,0,0,0
30/10/2013,0,0.2,0.1,0.1
31/10/2013,0,0,0,0
01/11/2013,0,0,0,0
02/11/2013,17.4,19.4,11.2,16
03/11/2013,9.5,8.1,5.7,7.8
04/11/2013,4.7,1.1,0.2,2
05/11/2013,2.5,0,0,0.8
06/11/2013,0,0,0,0
07/11/2013,0,0.1,0,0
08/11/2013,1.7,2.1,1,1.6
09/11/2013,0,0,0,0
10/11/2013,0,0.8,0.4,0.4
11/11/2013,0,0,0,0
12/11/2013,0,0,0,0
13/11/2013,0,0,0,0
14/11/2013,0,0.6,0,0.2
15/11/2013,0,0.3,0,0.1
16/11/2013,7.8,4.5,3.7,5.3
17/11/2013,5,1,0.6,2.2
18/11/2013,9.2,2.1,0.9,4.1
19/11/2013,4.6,22.6,19,15.4
20/11/2013,0,0.8,0.1,0.3
21/11/2013,0,0,0,0
22/11/2013,0,0,0,0
23/11/2013,0,0,0,0
24/11/2013,0,0,0,0
25/11/2013,0,0,0,0
26/11/2013,0,0,0,0
27/11/2013,0,0,0,0
28/11/2013,0,0,0,0
29/11/2013,0,0,0.1,0
30/11/2013,0,0,0,0
01/12/2013,0,0,0,0
02/12/2013,12.9,11.2,15.7,13.3
03/12/2013,3.4,4,3.8,3.7
04/12/2013,0.2,0.7,0.3,0.4
05/12/2013,0.1,0.1,0.1,0.1
06/12/2013,0.2,0.3,0.1,0.2
07/12/2013,0,0,0,0
08/12/2013,0.3,0.9,0.3,0.5
09/12/2013,0,0,0,0
10/12/2013,0.4,0.5,0.2,0.4
11/12/2013,0,0.2,0,0.1
12/12/2013,0,0,0,0
13/12/2013,0,0,0,0
14/12/2013,0,0,0,0
15/12/2013,1.8,1.5,0.1,1.1
16/12/2013,2.5,0.9,0.3,1.2
17/12/2013,1.2,0.3,0,0.5
18/12/2013,24.2,19.1,15.3,19.5
19/12/2013,0,0.1,0,0
20/12/2013,0,0,0,0
21/12/2013,0,0.2,0,0.1
22/12/2013,0,0.1,0,0
23/12/2013,0,0.4,0,0.1
24/12/2013,0,0,0,0
25/12/2013,0,0,0,0
26/12/2013,0,0,0,0
27/12/2013,0,0.4,0.5,0.3
28/12/2013,0,1.2,1.2,0.8
29/12/2013,0,0,0,0
30/12/2013,0,0,0,0
31/12/2013,0,0,0,0
01/01/2014,0,0.1,0,0
02/01/2014,4.4,1.1,0.8,2.1
03/01/2014,15.3,8.6,5,9.6
04/01/2014,2.7,4.3,5,4
05/01/2014,0,0,0,0
06/01/2014,0,0,0,0
07/01/2014,0,0,0,0
08/01/2014,0,0,0,0
09/01/2014,0,0.3,0,0.1
10/01/2014,0,0.3,0,0.1
11/01/2014,16.8,12,7.8,12.2
12/01/2014,9.2,3.5,3.4,5.4
13/01/2014,3.8,5.5,4,4.4
14/01/2014,0,0,0,0
15/01/2014,0,0,0,0
16/01/2014,0,0,0,0
17/01/2014,0,0,0,0
18/01/2014,0,0,0,0
19/01/2014,0,0.1,0,0
20/01/2014,0,0,0,0
21/01/2014,0,0,0,0
22/01/2014,0,1.6,0.9,0.8
23/01/2014,0,0.2,0.1,0.1
24/01/2014,0,0.1,0,0
25/01/2014,0,0.1,0,0
26/01/2014,0,0.9,1.8,0.9
27/01/2014,0,0.1,0,0
28/01/2014,0,0,1.7,0.6
29/01/2014,0,1.6,1.5,1
30/01/2014,0.5,1.8,0,0.8
31/01/2014,0.5,0.2,0,0.2
01/02/2014,0,0,0,0
02/02/2014,1,0.3,0,0.4
03/02/2014,2.9,1.3,0.9,1.7
04/02/2014,0.6,0.4,0.3,0.4
05/02/2014,0,0,0,0
06/02/2014,0,0.1,0,0
07/02/2014,0,0.1,0,0
08/02/2014,0.5,0.7,0.1,0.4
09/02/2014,0,0,0,0
10/02/2014,0.1,0,0,0
11/02/2014,2.2,0.3,0,0.8
12/02/2014,6.1,0.9,0.7,2.6
13/02/2014,4.5,1.1,0.2,1.9
14/02/2014,0.9,0,0,0.3
15/02/2014,0,0,0,0
16/02/2014,12.6,5.5,3.5,7.2
17/02/2014,4.1,0.8,0.1,1.7
18/02/2014,3.4,1,0.1,1.5
19/02/2014,2.2,0.7,1.1,1.3
20/02/2014,0,0,0,0
21/02/2014,7.4,4.1,2,4.5
22/02/2014,4.8,2.5,1.9,3.1
23/02/2014,0.3,0.7,0.3,0.4
24/02/2014,0,0,0,0
25/02/2014,0,0,0,0
26/02/2014,0,0,0,0
27/02/2014,0,0.1,0,0
28/02/2014,0.9,1,0.7,0.9
01/03/2014,0,0.2,0.2,0.1
02/03/2014,0.5,0.1,0.3,0.3
03/03/2014,0.7,0,0.3,0.3
04/03/2014,7.2,2.7,2.2,4
05/03/2014,9.2,3.9,3.2,5.4
06/03/2014,6.9,4.2,2.5,4.5
07/03/2014,2.9,0,0,1
08/03/2014,16.3,0.2,0.1,5.5
09/03/2014,9.7,3.6,0.9,4.7
10/03/2014,0,0,0,0
11/03/2014,0,0,0,0
12/03/2014,0,0,0,0
13/03/2014,0.6,0.2,0,0.3
14/03/2014,0.3,0.2,0.1,0.2
15/03/2014,0.3,0.1,0,0.1
16/03/2014,14.9,7.2,6.4,9.5
17/03/2014,4.5,6,3,4.5
18/03/2014,0,0.1,0,0
19/03/2014,0,0,0,0
20/03/2014,9.9,10.4,6.1,8.8
21/03/2014,3,1.4,0.6,1.7
22/03/2014,0.3,1.1,0.2,0.5
23/03/2014,3.8,1.2,0,1.7
24/03/2014,1.2,0.6,1.3,1
25/03/2014,0.4,0.6,0.5,0.5
26/03/2014,9.3,8.2,7.5,8.3
27/03/2014,2.7,1.3,0.5,1.5
28/03/2014,0,0,0.1,0
29/03/2014,4.6,2.3,0.7,2.5
30/03/2014,7.1,6.5,5.1,6.2
31/03/2014,1.8,1.8,0.6,1.4
01/04/2014,1.1,1.3,0.4,0.9
02/04/2014,1.1,1.1,0.2,0.8
03/04/2014,0,0.3,0,0.1
04/04/2014,1.3,0.3,0,0.5
05/04/2014,0,0,0,0
06/04/2014,0,0,0,0
07/04/2014,0,0,0,0
08/04/2014,2,0.8,0.7,1.2
09/04/2014,9.2,7.1,6.1,7.5
10/04/2014,0,0,0,0
11/04/2014,2.1,1.5,0.9,1.5
12/04/2014,8.3,5.5,4.4,6.1
13/04/2014,0,0,0,0
14/04/2014,0,0,0,0
15/04/2014,15.4,15.4,10.4,13.7
16/04/2014,10.9,12.7,9.1,10.9
17/04/2014,1.5,0,0.1,0.5
18/04/2014,3.9,2.1,1.5,2.5
19/04/2014,0,0.1,0.1,0.1
20/04/2014,0.4,1.1,0.9,0.8
21/04/2014,0,1,0.7,0.6
22/04/2014,0,1,0.7,0.6
23/04/2014,0,0.8,0.7,0.5
24/04/2014,0,0,0,0
25/04/2014,9.4,4.8,3.4,5.9
26/04/2014,7.9,0.5,0.4,2.9
27/04/2014,0,0,0,0
28/04/2014,0.3,0,0,0.1
29/04/2014,0,0,0,0
30/04/2014,0,0,0,0
01/05/2014,0,0,0,0
02/05/2014,38.1,26.4,19.7,28.1
03/05/2014,17.4,12.4,10.4,13.4
04/05/2014,4.5,3.2,2.7,3.5
05/05/2014,5.5,4.5,3.4,4.5
06/05/2014,5.8,4,3.5,4.4
07/05/2014,0,0,0,0
08/05/2014,0,0,0,0
09/05/2014,9.1,6,2.3,5.8
10/05/2014,11.1,6.2,1.8,6.4
11/05/2014,0,0,1.5,0.5
12/05/2014,0,0,0,0
13/05/2014,0,0,0,0
14/05/2014,0,0,0,0
15/05/2014,2.8,3.4,1.6,2.6
16/05/2014,0.4,0,0,0.1
17/05/2014,4.6,1.2,0.2,2
18/05/2014,12.3,6.4,5.6,8.1
19/05/2014,1.5,0.2,0,0.6
20/05/2014,0,0,0,0
21/05/2014,0,0,0,0
22/05/2014,0,0,0,0
23/05/2014,2.4,0.7,0,1
24/05/2014,0.2,0,0,0.1
25/05/2014,0.3,0,0,0.1
26/05/2014,3.8,4.3,3.1,3.7
27/05/2014,0,0,0,0
28/05/2014,6.7,3.4,2,4
29/05/2014,6.2,5.6,4.3,5.4
30/05/2014,0,0,0,0
31/05/2014,0.2,3.7,1.6,1.8
01/06/2014,0,0,0,0
02/06/2014,7,3.3,2.5,4.3
03/06/2014,0,0,0.1,0
04/06/2014,0,0.4,0,0.1
05/06/2014,12.5,9.5,8.2,10.1
06/06/2014,0,0,0,0
07/06/2014,0,0,0,0
08/06/2014,0,0,0,0
09/06/2014,5.7,3.5,0.4,3.2
10/06/2014,0,0,0,0
11/06/2014,0,0,0,0
12/06/2014,0,0,0,0
13/06/2014,16.2,16.4,16.3,16.3
14/06/2014,2.8,1,0.8,1.5
15/06/2014,7.4,7.9,4.5,6.6
16/06/2014,14.8,8.2,6.6,9.9
17/06/2014,13.6,16.5,23,17.7
18/06/2014,9.1,8.4,13.9,10.5
19/06/2014,3,4.2,3.3,3.5
20/06/2014,4.9,1,1,2.3
21/06/2014,0.8,0.4,0.5,0.6
22/06/2014,0,0,0,0
23/06/2014,2.7,1,2.1,1.9
24/06/2014,1.5,0.3,0.3,0.7
25/06/2014,0.9,0.5,0.5,0.6
26/06/2014,0,0,0,0
27/06/2014,0,0,0,0
28/06/2014,0.7,0.1,0.3,0.4
29/06/2014,0.2,0,0,0.1
30/06/2014,2.5,0.1,0.1,0.9
01/07/2014,0,0,0,0
02/07/2014,0,0,0,0
03/07/2014,0.3,0,0.1,0.1
04/07/2014,0,0,0,0
05/07/2014,0,0,0,0
06/07/2014,1.7,0,0.1,0.6
07/07/2014,3.2,2.4,3.2,2.9
08/07/2014,0,0,0,0
09/07/2014,0,0,0,0
10/07/2014,0,0,0,0
11/07/2014,0,0,0,0
12/07/2014,0,0,0,0
13/07/2014,0,0,0,0
14/07/2014,0,0,0,0
15/07/2014,0,0,0,0
16/07/2014,0,0,0,0
17/07/2014,1.7,1.9,0.1,1.2
18/07/2014,0,0.2,0,0.1
19/07/2014,2,0.3,0.1,0.8
20/07/2014,2.7,0.6,1.6,1.6
21/07/2014,12.4,7.1,4.3,7.9
22/07/2014,0,0,0,0
23/07/2014,4.1,3.2,1.1,2.8
24/07/2014,7.3,4.4,3.8,5.2
25/07/2014,1.9,0,0,0.6
26/07/2014,0,0,0,0
27/07/2014,0,0,0,0
28/07/2014,0,0,0,0
29/07/2014,0,0,0,0
30/07/2014,0.5,0,0,0.2
31/07/2014,1.4,1.2,1.9,1.5
01/08/2014,0,0,0,0
02/08/2014,1,2.2,12.9,5.4
03/08/2014,0,0,0,0
04/08/2014,3.7,12.8,8.1,8.2
05/08/2014,0,0,0,0
06/08/2014,0,0,0,0
07/08/2014,0,0,0,0
08/08/2014,2.3,0.6,0,1
09/08/2014,0,0,0,0
10/08/2014,0,0,0,0
11/08/2014,0,0,0,0
12/08/2014,0,0,0,0
13/08/2014,0,0,0,0
14/08/2014,1.8,1.6,0,1.1
15/08/2014,0,0,0,0
16/08/2014,1.3,1.7,0.2,1.1
17/08/2014,3.1,4.2,6.2,4.5
18/08/2014,0,0,0,0
19/08/2014,0,0,0,0
20/08/2014,13.9,8.9,7.4,10.1
21/08/2014,11.8,6.8,3,7.2
22/08/2014,3.8,2,0,1.9
23/08/2014,0,0,0,0
24/08/2014,0,0,0,0
25/08/2014,0,0,0,0
26/08/2014,0,0,0,0
27/08/2014,0,1.6,0,0.5
28/08/2014,10.4,7.2,2.1,6.6
29/08/2014,2.9,2.3,0,1.7
30/08/2014,0.2,0.2,0,0.1
31/08/2014,0.9,0.1,0,0.3
01/09/2014,0,0,0,0
02/09/2014,4.6,3.8,1.9,3.4
03/09/2014,24.3,27.6,27.3,26.4
04/09/2014,0,0,0,0
05/09/2014,0,0,0,0
06/09/2014,0,0,0,0
07/09/2014,0,0,0,0
08/09/2014,11.5,12.5,8.5,10.8
09/09/2014,5,3.5,3.7,4.1
10/09/2014,13.3,14.5,20.1,16
11/09/2014,0,0,0.6,0.2
12/09/2014,5.9,0.8,0.2,2.3
13/09/2014,0,0,0,0
14/09/2014,0,0,0,0
15/09/2014,0,0,0,0
16/09/2014,0,0,0,0
17/09/2014,0,0,0,0
18/09/2014,0,0,0,0
19/09/2014,0,0,0,0
20/09/2014,0,0,0,0
21/09/2014,0,0,0,0
22/09/2014,0,0,0,0
23/09/2014,2.5,0.8,0.5,1.3
24/09/2014,3.2,0.1,0,1.1
25/09/2014,0,0,0,0
26/09/2014,4.5,1,1.5,2.3
27/09/2014,0,0,0,0
28/09/2014,0,0,0,0
29/09/2014,0,0,0,0
30/09/2014,2.9,5.1,5.3,4.4
01/10/2014,2.1,1.5,1.3,1.6
02/10/2014,6.5,4.7,2.9,4.7
03/10/2014,0,0,0,0
04/10/2014,0,0,0,0
05/10/2014,0,0,0,0
06/10/2014,0,0,0,0
07/10/2014,0,0,0,0
08/10/2014,0,0,0,0
09/10/2014,0,0,0,0
10/10/2014,0,0,0,0
11/10/2014,0,0,0,0
12/10/2014,0,0,0,0
13/10/2014,0,0,0,0
14/10/2014,1.7,1.4,0,1
15/10/2014,12.9,14.6,12,13.2
16/10/2014,0,0,0,0
17/10/2014,0,0,0,0
18/10/2014,0,0,0,0
19/10/2014,0,0,0,0
20/10/2014,0,0,0,0
21/10/2014,0,0,0,0
22/10/2014,0,0,0,0
23/10/2014,7.8,5.2,6.2,6.4
24/10/2014,0,0.3,0,0.1
25/10/2014,0.5,1,0.1,0.5
26/10/2014,3.4,0.7,0,1.4
27/10/2014,0.3,0,0,0.1
28/10/2014,0,0,0,0
29/10/2014,0,0,0,0
30/10/2014,0,0.1,0,0
31/10/2014,0,0,0,0
01/11/2014,12.6,11.4,4.7,9.6
02/11/2014,3.2,3.1,5.3,3.9
03/11/2014,0.1,0.1,0,0.1
04/11/2014,2.7,1.2,0.5,1.5
05/11/2014,0.2,0.1,0.1,0.1
06/11/2014,11,9.9,2.7,7.9
07/11/2014,2.3,0.4,0,0.9
08/11/2014,0.3,0,0,0.1
09/11/2014,8.9,7.5,5.1,7.2
10/11/2014,7.5,3.4,3.4,4.8
11/11/2014,0.7,0.9,1.1,0.9
12/11/2014,0,0,0,0
13/11/2014,0,0.1,0,0
14/11/2014,0,0.1,0,0
15/11/2014,0,0.1,0,0
16/11/2014,0,0.1,0,0
17/11/2014,0,0.1,0,0
18/11/2014,0,0,0,0
19/11/2014,0,0.1,0,0
20/11/2014,0,0.2,0,0.1
21/11/2014,0.2,0,0.1,0.1
22/11/2014,0.6,0,0.2,0.3
23/11/2014,0,0,0,0
24/11/2014,0.6,0.1,0,0.2
25/11/2014,1,0.3,0.1,0.5
26/11/2014,4.7,4.7,1.7,3.7
27/11/2014,13.5,8.9,11.1,11.2
28/11/2014,28.9,40,37.4,35.4
29/11/2014,1.5,2.5,1.5,1.8
30/11/2014,0,0,0,0
01/12/2014,0,0,0,0
02/12/2014,0,0,0,0
03/12/2014,0,0,0,0
04/12/2014,0,0,0,0
05/12/2014,0,0,0,0
06/12/2014,0,0.7,0,0.2
07/12/2014,0,0,0,0
08/12/2014,0,0,0,0
09/12/2014,5.3,0,0,1.8
10/12/2014,0,0,0.1,0
11/12/2014,2.1,0.6,2.4,1.7
12/12/2014,1,0.1,0.2,0.4
13/12/2014,10.1,4.7,2.5,5.8
14/12/2014,0.2,0.1,0,0.1
15/12/2014,0,0.1,0,0
16/12/2014,0,0,0,0
17/12/2014,0,0.1,0,0
18/12/2014,0.1,0.4,0,0.2
19/12/2014,1.9,0.6,0,0.8
20/12/2014,0.8,0.1,0,0.3
21/12/2014,0.5,0,0,0.2
22/12/2014,0.3,0,0,0.1
23/12/2014,1.4,0.4,0.2,0.7
24/12/2014,2,1,0.3,1.1
25/12/2014,0.2,0.1,0,0.1
26/12/2014,1.8,0.7,1.2,1.2
27/12/2014,0.7,0.7,0.3,0.6
28/12/2014,5.7,2.6,2.4,3.6
29/12/2014,2.8,1.4,0.8,1.7
30/12/2014,0,0,0,0
31/12/2014,0.3,0,0,0.1
01/01/2015,0,0.1,0,0
02/01/2015,2.9,2.4,2,2.4
03/01/2015,2.5,1.9,1.5,2
04/01/2015,1,0.6,0.2,0.6
05/01/2015,2.1,0.1,0.8,1
06/01/2015,4.1,4.1,2.3,3.5
07/01/2015,0,0.1,0,0
08/01/2015,1.4,1.1,0.8,1.1
09/01/2015,0,0,0,0
10/01/2015,0.6,0.1,0,0.2
11/01/2015,1.9,0.8,0,0.9
12/01/2015,0,0,0,0
13/01/2015,0,0.1,0,0
14/01/2015,0.3,0.2,0,0.2
15/01/2015,0,0,0,0
16/01/2015,0,0,0,0
17/01/2015,0,0,0,0
18/01/2015,3.6,1.9,0.7,2.1
19/01/2015,0.8,0.1,0,0.3
20/01/2015,0,0,0,0
21/01/2015,0,0,0,0
22/01/2015,0,0,0,0
23/01/2015,2.1,0.5,0,0.9
24/01/2015,2,0.4,0,0.8
25/01/2015,0,0,0,0
26/01/2015,0,0,0,0
27/01/2015,0,0,0,0
28/01/2015,0,0,0,0
29/01/2015,0,0,0,0
30/01/2015,0,0.1,0,0
31/01/2015,5.4,3.8,3.2,4.1
01/02/2015,0.4,0.2,0,0.2
02/02/2015,0.5,0.4,0.3,0.4
03/02/2015,0.6,0.4,0,0.3
04/02/2015,1.6,0,0,0.5
05/02/2015,3.3,1,0.5,1.6
06/02/2015,11.2,5.4,8.9,8.5
07/02/2015,4.1,1.1,0.7,2
08/02/2015,0.1,0,0,0
09/02/2015,1.6,0.2,0,0.6
10/02/2015,0.9,0.4,0.1,0.5
11/02/2015,0.2,0,0,0.1
12/02/2015,0.4,0,0,0.1
13/02/2015,0,0,0,0
14/02/2015,9,5.2,3.7,6
15/02/2015,0.7,0.4,0.2,0.4
16/02/2015,1,0.9,0.2,0.7
17/02/2015,0,0,0,0
18/02/2015,0,0,0,0
19/02/2015,0.8,0,0,0.3
20/02/2015,9.5,12,10.3,10.6
21/02/2015,4.9,3.6,1.4,3.3
22/02/2015,0,0,0,0
23/02/2015,0,0,0,0
24/02/2015,0.7,0.6,1.3,0.9
25/02/2015,2.3,2.3,1.3,2
26/02/2015,0.1,0,0.2,0.1
27/02/2015,3.2,2.5,1.2,2.3
28/02/2015,0,0,0,0
01/03/2015,0,0,0,0
02/03/2015,12.9,8.3,2.9,8
03/03/2015,0,0,0,0
04/03/2015,0,0,0,0
05/03/2015,0,0,0,0
06/03/2015,0,0,0,0
07/03/2015,0,0,0,0
08/03/2015,0,0,0,0
09/03/2015,0.3,0,0,0.1
10/03/2015,0.4,0,0,0.1
11/03/2015,0.1,0,0,0
12/03/2015,1.7,0.5,0.1,0.8
13/03/2015,0,0,0.1,0
14/03/2015,9.5,2.4,3.8,5.2
15/03/2015,12,10.9,7.1,10
16/03/2015,6,4.2,2.9,4.4
17/03/2015,0,0,0,0
18/03/2015,0,0,0,0
19/03/2015,1.3,0.2,0,0.5
20/03/2015,1.8,0,0,0.6
21/03/2015,2.9,1,1.5,1.8
22/03/2015,0.2,0.1,0,0.1
23/03/2015,1.7,0.5,0.7,1
24/03/2015,0,0,0,0
25/03/2015,0,0,0,0
26/03/2015,0.1,0,0.1,0.1
27/03/2015,0.6,0,0.2,0.3
28/03/2015,5.6,4.7,3.2,4.5
29/03/2015,2.7,1,0,1.2
30/03/2015,0.2,1.2,0,0.5
31/03/2015,7,2.3,1.4,3.6
01/04/2015,0.3,0.4,0.3,0.3
02/04/2015,0.4,0.6,0.4,0.5
03/04/2015,0.1,0,0.1,0.1
04/04/2015,10.3,4,2.2,5.5
05/04/2015,4.7,2.3,0.8,2.6
06/04/2015,0.7,0.4,0,0.4
07/04/2015,0,0,0,0
08/04/2015,0,0,0,0
09/04/2015,0,0,0,0
10/04/2015,0,0,0,0
11/04/2015,6.2,2.5,1.2,3.3
12/04/2015,4.8,1.7,0.5,2.3
13/04/2015,0.4,0,1.3,0.6
14/04/2015,14.1,10,3.9,9.3
15/04/2015,0,0.1,3.4,1.2
16/04/2015,0,0,0,0
17/04/2015,0.3,0.1,0,0.1
18/04/2015,10.9,5.5,4.9,7.1
19/04/2015,0.1,0,0,0
20/04/2015,0,0,0,0
21/04/2015,0,0,0,0
22/04/2015,0.9,0,0.4,0.4
23/04/2015,0,0,0,0
24/04/2015,2.3,0,0.1,0.8
25/04/2015,3.2,0,0.3,1.2
26/04/2015,0,0,0,0
27/04/2015,0,0,0,0
28/04/2015,0,0,0,0
29/04/2015,5.2,3.1,0.8,3
30/04/2015,0.3,0,0,0.1
01/05/2015,9.3,1.5,0.4,3.7
02/05/2015,5.1,0.8,0.2,2
03/05/2015,0,0,0,0
04/05/2015,0,0,0,0
05/05/2015,0.3,0,0,0.1
06/05/2015,15.1,8.1,4.7,9.3
07/05/2015,6.5,0.4,1.8,2.9
08/05/2015,14.5,11.8,3.2,9.8
09/05/2015,0,0,0,0
10/05/2015,4.6,2.4,0.9,2.6
11/05/2015,0,0,0,0
12/05/2015,0.1,0,0,0
13/05/2015,0.7,0.1,0,0.3
14/05/2015,2.2,0.7,0,1
15/05/2015,0,0,0,0
16/05/2015,13,11.9,20.4,15.1
17/05/2015,0.2,0.2,0,0.1
18/05/2015,0,0,0,0
19/05/2015,0,0,0,0
20/05/2015,0,0,0,0
21/05/2015,0,0,0,0
22/05/2015,0,0,0,0
23/05/2015,0,0,0,0
24/05/2015,0,0,0,0
25/05/2015,0.7,0.9,0.1,0.6
26/05/2015,4,4.1,3.6,3.9
27/05/2015,9.6,4.6,0.6,4.9
28/05/2015,5.4,4.7,0.3,3.5
29/05/2015,0.7,0.4,0,0.4
30/05/2015,0,0,0,0
31/05/2015,0,0,0,0
01/06/2015,0,0,0,0
02/06/2015,2.8,2,0.8,1.9
03/06/2015,4.7,2.3,0.6,2.5
04/06/2015,3.7,2.6,1,2.4
05/06/2015,0,0,0.7,0.2
06/06/2015,0.1,0,0,0
07/06/2015,0,0,0,0
08/06/2015,0,0,0,0
09/06/2015,0,0,0,0
10/06/2015,0,0,0,0
11/06/2015,0,0,0,0
12/06/2015,7.9,5.5,3.8,5.7
13/06/2015,8.3,5.5,3.4,5.7
14/06/2015,5,3.4,2.2,3.5
15/06/2015,1,0,0.4,0.5
16/06/2015,0,0,0,0
17/06/2015,16.6,13.9,13.4,14.6
18/06/2015,5.4,4.8,3.1,4.4
19/06/2015,4.4,3.8,1.8,3.3
20/06/2015,0.7,0.5,0.1,0.4
21/06/2015,8.3,4,3.4,5.2
22/06/2015,0.1,0,0,0
23/06/2015,4.5,4.9,2.8,4.1
24/06/2015,0,0,0,0
25/06/2015,0,0,0,0
26/06/2015,0,0,0,0
27/06/2015,0,0,0,0
28/06/2015,0,0,0,0
29/06/2015,2.9,3.7,2,2.9
30/06/2015,1.6,1.8,1.4,1.6
01/07/2015,6.5,4.9,3,4.8
02/07/2015,0,0,0,0
03/07/2015,0,0,0,0
04/07/2015,0.3,0.2,0,0.2
05/07/2015,1.3,0.1,0.5,0.6
06/07/2015,0,0,0,0
07/07/2015,0.5,0.4,0.1,0.3
08/07/2015,0,0,0,0
09/07/2015,0,0,0,0
10/07/2015,0,0,0,0
11/07/2015,6.5,8.8,8.1,7.8
12/07/2015,0.1,0.1,0,0.1
13/07/2015,0.1,0,0,0
14/07/2015,0,0.1,0.2,0.1
15/07/2015,3.9,2.1,0.5,2.2
16/07/2015,15.4,8.4,4.4,9.4
17/07/2015,7.7,9.2,4.7,7.2
18/07/2015,0,0,0,0
19/07/2015,0,0,0,0
20/07/2015,1.7,1.1,0,0.9
21/07/2015,0,0,0,0
22/07/2015,0.2,0,0.2,0.1
23/07/2015,1.8,1,0.1,1
24/07/2015,0,0,0.1,0
25/07/2015,10.8,8.8,4.9,8.2
26/07/2015,1.1,0.3,0.3,0.6
27/07/2015,5.6,4.6,1.3,3.8
28/07/2015,0,0.2,0,0.1
29/07/2015,1.1,0.9,0,0.7
30/07/2015,0,0,0,0
31/07/2015,0,0,0,0
01/08/2015,0,0,0,0
02/08/2015,0,0,0,0
03/08/2015,0,0,0,0
04/08/2015,8.6,5.1,2.5,5.4
05/08/2015,5.4,5.3,3.9,4.9
06/08/2015,3.5,3.2,3.6,3.4
07/08/2015,0,0,0,0
08/08/2015,0,0,0,0
09/08/2015,0,0,0,0
10/08/2015,0,0,0,0
11/08/2015,0,0,0,0
12/08/2015,0,0,0,0
13/08/2015,0,0,0,0
14/08/2015,2,0.7,0.6,1.1
15/08/2015,23.5,20.1,16.3,20
16/08/2015,21.2,11.7,9.3,14.1
17/08/2015,0.1,0.5,0,0.2
18/08/2015,3.5,4.2,4,3.9
19/08/2015,0,0,0,0
20/08/2015,1.3,1.3,0.4,1
21/08/2015,38.7,36.8,28.6,34.7
22/08/2015,0,0.2,0,0.1
23/08/2015,0,0,0,0
24/08/2015,0,0,0,0
25/08/2015,0,0,0,0
26/08/2015,0,0,0,0
27/08/2015,0,0.1,0,0
28/08/2015,0,0,0.1,0
29/08/2015,3.1,1.6,1.6,2.1
30/08/2015,2.8,0.7,0.4,1.3
31/08/2015,0.6,0,0,0.2
01/09/2015,0.1,0,0,0
02/09/2015,7.4,5,3,5.1
03/09/2015,0.1,0,0.3,0.1
04/09/2015,2.5,0.8,0,1.1
05/09/2015,17,12.3,15.4,14.9
06/09/2015,11.9,6.9,4.9,7.9
07/09/2015,0.6,0.2,0,0.3
08/09/2015,0.1,0,0,0
09/09/2015,0,0,0,0
10/09/2015,0,0,0,0
11/09/2015,0.1,0,0,0
12/09/2015,0,0,0,0
13/09/2015,8.5,4.5,2.8,5.3
14/09/2015,16.7,7.8,4.4,9.6
15/09/2015,5.1,5.9,4.2,5.1
16/09/2015,0.2,0.1,0.1,0.1
17/09/2015,0,0.1,0,0
18/09/2015,0,0,0,0
19/09/2015,0.8,0.1,0,0.3
20/09/2015,15.7,10.4,6.1,10.7
21/09/2015,13,8.3,4.9,8.7
22/09/2015,0,0.1,0,0
23/09/2015,0,0,0,0
24/09/2015,0,3,15.1,6
25/09/2015,1.6,1.6,1.2,1.5
26/09/2015,14.2,10.4,6.7,10.4
27/09/2015,0,0,0,0
28/09/2015,0,0,0,0
29/09/2015,0,0,0,0
30/09/2015,0,0,0,0
01/10/2015,0,0.1,0,0
02/10/2015,19,18.3,21.3,19.5
03/10/2015,18.1,16.7,10.9,15.2
04/10/2015,0,0,0,0
05/10/2015,0,0.3,0,0.1
06/10/2015,0,0.1,0,0
07/10/2015,0,0,0,0
08/10/2015,0,0.1,0,0
09/10/2015,0,0,0,0
10/10/2015,6.4,3.7,3.3,4.5
11/10/2015,14,9.4,6.2,9.9
12/10/2015,0,0,0,0
13/10/2015,0,0,0,0
14/10/2015,0,0,0,0
15/10/2015,0,0,0,0
16/10/2015,0,0,0,0
17/10/2015,0,0,0,0
18/10/2015,0,0,0,0
19/10/2015,0.1,0,0,0
20/10/2015,0,0,0,0
21/10/2015,0,0,0,0
22/10/2015,0,0,0,0
23/10/2015,0,0,0,0
24/10/2015,0,0,0,0
25/10/2015,0,0,0,0
26/10/2015,0.5,0.3,0,0.3
27/10/2015,3,2.9,2.2,2.7
28/10/2015,0.1,0.6,0,0.2
29/10/2015,0.2,0.2,0,0.1
30/10/2015,4.6,0.6,0,1.7
31/10/2015,4.3,0.9,1.3,2.2
01/11/2015,8.9,3.9,4.4,5.7
02/11/2015,18.1,17.4,10.6,15.4
03/11/2015,1.8,0.3,0.2,0.8
04/11/2015,0.1,0.1,0.1,0.1
05/11/2015,0,0.1,0,0
06/11/2015,0,0.2,0,0.1
07/11/2015,2.3,0,0,0.8
08/11/2015,7.8,1.8,0.7,3.4
09/11/2015,11.3,7.5,4.3,7.7
10/11/2015,0.1,1.1,0,0.4
11/11/2015,5.1,0.3,0,1.8
12/11/2015,1.5,0.4,0,0.6
13/11/2015,22.5,12,12.2,15.6
14/11/2015,12.2,6.6,4.6,7.8
15/11/2015,1,0.5,0.9,0.8
16/11/2015,9.7,7.6,4.8,7.4
17/11/2015,30.7,21.4,14.3,22.1
18/11/2015,17.6,19.3,13.2,16.7
19/11/2015,0.9,0.7,0.4,0.7
20/11/2015,1.5,0.5,0,0.7
21/11/2015,0,0.1,0,0
22/11/2015,0.6,0,0,0.2
23/11/2015,0.7,0.2,0,0.3
24/11/2015,13.4,8.2,6.3,9.3
25/11/2015,0,0.1,0.3,0.1
26/11/2015,0,0,0,0
27/11/2015,0,0.1,0.1,0.1
28/11/2015,0,0,0.2,0.1
29/11/2015,0,0.2,0.1,0.1
30/11/2015,0,0,0,0
01/12/2015,0,0,0,0
02/12/2015,0,0,0,0
03/12/2015,0,0.1,0.2,0.1
04/12/2015,5.8,1.6,0.6,2.7
05/12/2015,1.1,0.3,0,0.5
06/12/2015,1.9,0.2,0,0.7
07/12/2015,5.1,1.8,0.6,2.5
08/12/2015,8.2,2.8,3,4.7
09/12/2015,11.8,8,5.7,8.5
10/12/2015,0.5,0.1,0,0.2
11/12/2015,0,0,0,0
12/12/2015,0,0.1,0,0
13/12/2015,1.6,1,0,0.9
14/12/2015,0,0,0,0
15/12/2015,0,0.1,0,0
16/12/2015,0,0.3,0,0.1
17/12/2015,0,0,0,0
18/12/2015,2,0.1,0,0.7
19/12/2015,2.3,0.4,0,0.9
20/12/2015,1.6,0.2,0,0.6
21/12/2015,0.3,0,0,0.1
22/12/2015,0,0.1,0,0
23/12/2015,0.1,0.1,0,0.1
24/12/2015,2.1,1.9,1.3,1.8
25/12/2015,0.3,0.2,0,0.2
26/12/2015,0.3,0,0,0.1
27/12/2015,0,0,0,0
28/12/2015,3.6,3.2,2.4,3.1
29/12/2015,0.1,0.2,0.1,0.1
30/12/2015,0,0.1,0,0
31/12/2015,0,0,0.1,0
01/01/2016,0,0,0,0
02/01/2016,0,0.1,0,0
03/01/2016,0,0.2,0,0.1
04/01/2016,0,0,0,0
05/01/2016,0,0,0,0
06/01/2016,0,0,0,0
07/01/2016,6,5,3.4,4.8
08/01/2016,0,0.1,0,0
09/01/2016,0,0.1,0,0
10/01/2016,0,0.1,0,0
11/01/2016,0,0.1,0,0
12/01/2016,1.1,0,0,0.4
13/01/2016,0,0,0,0
14/01/2016,0.6,0,0,0.2
15/01/2016,0,0,0.1,0
16/01/2016,2.2,1.5,0.9,1.5
17/01/2016,0.4,0.1,0,0.2
18/01/2016,0,0,0,0
19/01/2016,0.1,0,0,0
20/01/2016,2.8,2.1,0.8,1.9
21/01/2016,0.6,0.1,0,0.2
22/01/2016,1.6,0.3,0,0.6
23/01/2016,1,0.5,0.3,0.6
24/01/2016,3.6,1.8,1.5,2.3
25/01/2016,0,0.1,0,0
26/01/2016,2.7,0.5,0,1.1
27/01/2016,0.2,0,0,0.1
28/01/2016,7.4,2.5,1,3.6
29/01/2016,3.2,1.5,0.8,1.8
30/01/2016,0.6,0,0.1,0.2
31/01/2016,0.6,0,0,0.2
01/02/2016,0.1,0,0,0
02/02/2016,0,0.1,0,0
03/02/2016,0,0,0,0
04/02/2016,0,0,0,0
05/02/2016,4.1,0.3,0,1.5
06/02/2016,10.7,2.7,2.3,5.2
07/02/2016,0,0,0,0
08/02/2016,0,0,0,0
09/02/2016,0,0,0,0
10/02/2016,0.1,0,0,0
11/02/2016,0.1,0,0,0
12/02/2016,0.7,0.1,0,0.3
13/02/2016,6.6,2.1,1.4,3.4
14/02/2016,1.9,0.2,0,0.7
15/02/2016,6.1,2.9,1.7,3.6
16/02/2016,1.9,0.3,0,0.7
17/02/2016,0,0,0.1,0
18/02/2016,6.4,1,0.9,2.8
19/02/2016,1.1,0.1,0,0.4
20/02/2016,0.3,0,0,0.1
21/02/2016,0,0,0,0
22/02/2016,0,0,0,0
23/02/2016,0,0.1,0,0
24/02/2016,0,0,0,0
25/02/2016,0,0,0,0
26/02/2016,0,0,0,0
27/02/2016,0.4,0.2,0,0.2
28/02/2016,1.5,0.7,0.3,0.8
29/02/2016,0.7,0.5,0.2,0.5
01/03/2016,0.4,0.1,0.2,0.2
02/03/2016,1.2,0.2,0,0.5
03/03/2016,2.9,1,0,1.3
04/03/2016,1,0.1,0,0.4
05/03/2016,1.7,0.4,0.4,0.8
06/03/2016,2.3,1.2,0.3,1.3
07/03/2016,0.3,0,0.1,0.1
08/03/2016,0.1,0.1,0,0.1
09/03/2016,0.1,0.1,0,0.1
10/03/2016,13.6,5.8,2,7.1
11/03/2016,1.6,0.4,0.2,0.7
12/03/2016,6.9,3.2,1.5,3.9
13/03/2016,12.4,3.6,2.8,6.3
14/03/2016,1.6,0.3,0.1,0.7
15/03/2016,0.3,0,0,0.1
16/03/2016,0.2,0,0,0.1
17/03/2016,2.3,0.6,0.4,1.1
18/03/2016,0,0.2,0,0.1
19/03/2016,0,0,0,0
20/03/2016,0.2,0,0,0.1
21/03/2016,1,0.1,0.2,0.4
22/03/2016,0,0.1,0.4,0.2
23/03/2016,1.1,0.3,0.1,0.5
24/03/2016,0.6,0,0.9,0.5
25/03/2016,0.7,0.2,0.8,0.6
26/03/2016,0,0.1,0.1,0.1
27/03/2016,0.1,0,0.1,0.1
28/03/2016,2.2,1.2,0.5,1.3
29/03/2016,0.6,0.2,0,0.3
30/03/2016,1.5,0.6,1.1,1.1
31/03/2016,1.5,0.8,0.6,1
01/04/2016,0.1,0,0,0
02/04/2016,0.2,0.1,0,0.1
03/04/2016,0.9,0.9,0,0.6
04/04/2016,2.4,0.8,0,1.1
05/04/2016,0.9,0.3,0.1,0.4
06/04/2016,0.5,0.1,0,0.2
07/04/2016,0,0,0,0
08/04/2016,0.1,0,0.1,0.1
09/04/2016,0.2,0,0.3,0.2
10/04/2016,2.7,1.7,1.4,1.9
11/04/2016,0.1,0,0.1,0.1
12/04/2016,0.1,0,0,0
13/04/2016,0.1,0,0.1,0.1
14/04/2016,1.4,0.2,0.1,0.6
15/04/2016,0.3,0,0,0.1
16/04/2016,0,0,0,0
17/04/2016,0,0,0,0
18/04/2016,0.1,0,0,0
19/04/2016,0,0,0,0
20/04/2016,0,0,0,0
21/04/2016,0.1,0,0,0
22/04/2016,3.1,1.3,0.9,1.8
23/04/2016,1.3,1.1,1,1.1
24/04/2016,2.1,1.7,1.8,1.9
25/04/2016,10.5,2.4,0.8,4.6
26/04/2016,2.8,0.5,0.1,1.1
27/04/2016,0.5,0,0.3,0.3
28/04/2016,0.7,0.2,0,0.3
29/04/2016,10.4,0,0,3.5
30/04/2016,0.2,0,0,0.1
01/05/2016,0.1,0,0,0
02/05/2016,0,0,0,0
03/05/2016,0,0,0,0
04/05/2016,0,0,0.3,0.1
05/05/2016,12.1,8.6,6.9,9.2
06/05/2016,0.1,0.2,0,0.1
07/05/2016,0,0,0,0
08/05/2016,1.9,0.5,2.6,1.7
09/05/2016,8.1,5.6,5,6.2
10/05/2016,0,0,0,0
11/05/2016,11.8,9.9,5.9,9.2
12/05/2016,22.7,11,8.2,14
13/05/2016,0,0,0,0
14/05/2016,0,0,0.1,0
15/05/2016,0,0,0,0
16/05/2016,0,0,0,0
17/05/2016,0,0,0,0
18/05/2016,6.4,4.1,2.6,4.4
19/05/2016,8.8,7.3,8.7,8.3
20/05/2016,4.8,1.4,1.6,2.6
21/05/2016,6,6.9,6.2,6.4
22/05/2016,25.5,19.7,16.9,20.7
23/05/2016,19.7,10.2,7,12.3
24/05/2016,1.1,0,0,0.4
25/05/2016,1,1.5,0.7,1.1
26/05/2016,0.2,0,0,0.1
27/05/2016,2.4,0.9,0.3,1.2
28/05/2016,0.5,0,0,0.2
29/05/2016,4.6,1.6,0.2,2.1
30/05/2016,21.3,12.1,8.6,14
31/05/2016,0.1,0.1,0,0.1
01/06/2016,2.2,1.6,0.4,1.4
02/06/2016,4.2,0.6,0.1,1.6
03/06/2016,0,0,0,0
04/06/2016,0,0,0,0
05/06/2016,0,0,0,0
06/06/2016,0,0,0,0
07/06/2016,0,0,0,0
08/06/2016,0.9,0.1,0,0.3
09/06/2016,0.9,0.1,0,0.3
10/06/2016,16.8,10.7,5.4,11
11/06/2016,5.4,2.9,1.5,3.3
12/06/2016,0,0,0,0
13/06/2016,6.6,5,4.6,5.4
14/06/2016,6.4,4.5,2.9,4.6
15/06/2016,0.3,0.1,0,0.1
16/06/2016,0,0.1,0,0
17/06/2016,2.5,1.2,1.8,1.8
18/06/2016,0.2,0.4,0.1,0.2
19/06/2016,1.6,0.7,0,0.8
20/06/2016,0.1,0,0,0
21/06/2016,3,0.9,0.7,1.5
22/06/2016,0,0,0,0
23/06/2016,0,0,0,0
24/06/2016,8,6,3.5,5.8
25/06/2016,1.7,3,1.1,1.9
26/06/2016,0,0,0,0
27/06/2016,0,0,0,0
28/06/2016,0.5,1,0.6,0.7
29/06/2016,0,0,0,0
30/06/2016,1.4,1.5,1.7,1.5
01/07/2016,0,0.1,0,0
02/07/2016,0,0,0,0
03/07/2016,4.5,3.9,1.9,3.4
04/07/2016,0.7,0,0.1,0.3
05/07/2016,0.3,0,0.1,0.1
06/07/2016,2.8,2,4.3,3
07/07/2016,0,0,0,0
08/07/2016,0,0,0,0
09/07/2016,3.3,2.9,1.9,2.7
10/07/2016,0.1,0.6,0.3,0.3
11/07/2016,3.7,3.8,3.7,3.7
12/07/2016,30.6,16.6,11.5,19.6
13/07/2016,22.4,16.4,8.8,15.9
14/07/2016,5.1,1.9,0.4,2.5
15/07/2016,19.5,18.2,17.8,18.5
16/07/2016,6.2,5.4,4.2,5.3
17/07/2016,3.4,5.4,4.1,4.3
18/07/2016,0,0,0,0
19/07/2016,0,0,0,0
20/07/2016,0,0,0,0
21/07/2016,0,0,0,0
22/07/2016,0.2,0,0,0.1
23/07/2016,0,0,0,0
24/07/2016,0,0,0,0
25/07/2016,0.5,0.6,0.4,0.5
26/07/2016,1.1,0.3,0.4,0.6
27/07/2016,0,0,0,0
28/07/2016,0.3,1,0.6,0.6
29/07/2016,0,0.1,0,0
30/07/2016,7,4.3,2.7,4.7
31/07/2016,3.7,3.9,1.3,3
01/08/2016,0,0,0,0
02/08/2016,3.2,11.3,7.4,7.3
03/08/2016,4,4.2,3.2,3.8
04/08/2016,0,0,0,0
05/08/2016,0,0,0,0
06/08/2016,6.8,6.1,6.3,6.4
07/08/2016,12.3,8.4,2.4,7.7
08/08/2016,1,1.5,1.4,1.3
09/08/2016,0,3.1,2.4,1.8
10/08/2016,15.1,8.9,5.6,9.9
11/08/2016,0,0.3,0,0.1
12/08/2016,0.8,1.3,0.2,0.8
13/08/2016,0,0,0,0
14/08/2016,0.1,0.4,1.5,0.7
15/08/2016,0,0.1,0.1,0.1
16/08/2016,0,0,0,0
17/08/2016,1,0.1,0.1,0.4
18/08/2016,2.9,1.8,2.2,2.3
19/08/2016,0,0,0,0
20/08/2016,0,0,0,0
21/08/2016,0,0,0,0
22/08/2016,3.2,1.7,0.2,1.7
23/08/2016,0.3,0.3,0.2,0.3
24/08/2016,0.8,0.8,0.3,0.6
25/08/2016,4,3.6,4.7,4.1
26/08/2016,0,0,0,0
27/08/2016,11.6,9.1,4,8.2
28/08/2016,0.4,0.4,0,0.3
29/08/2016,0.1,0,0,0
30/08/2016,0.1,0,0.1,0.1
31/08/2016,0.6,0,0.1,0.2
01/09/2016,0,0,0.1,0
02/09/2016,4.1,3.4,2.1,3.2
03/09/2016,0,0,0,0
04/09/2016,4,1.1,0,1.7
05/09/2016,1.8,1.2,1.3,1.4
06/09/2016,1.1,0.7,0,0.6
07/09/2016,0.1,0,0,0
08/09/2016,3.6,2.4,1.3,2.4
09/09/2016,0,0.7,0.5,0.4
10/09/2016,1.9,0.6,0,0.8
11/09/2016,23.7,20.5,21.5,21.9
12/09/2016,0.8,0.3,0,0.4
13/09/2016,0,0,0.1,0
14/09/2016,0,0,0,0
15/09/2016,0.1,0,0,0
16/09/2016,0,0,0,0
17/09/2016,2,0.7,0,0.9
18/09/2016,2.1,0.5,0.1,0.9
19/09/2016,0,0,0,0
20/09/2016,19.2,17.4,13.4,16.7
21/09/2016,0.4,0,0,0.1
22/09/2016,1.3,0.3,0.1,0.6
23/09/2016,0,0,0,0
24/09/2016,0,0,0,0
25/09/2016,0,0,0,0
26/09/2016,0,0,0,0
27/09/2016,1,0,0,0.3
28/09/2016,0.1,0,0,0
29/09/2016,0,0,0,0
30/09/2016,1.6,1.3,0.5,1.1
01/10/2016,0,0,0,0
