ACC,YI,XI,DS_YI,DS_XI,SLOPE
0,49,82,49,83,5.75
0,49,84,50,84,3.47
0,49,85,50,85,1.82
0,49,86,50,85,1.37
0,50,77,50,78,9.55
0,50,83,51,84,9.96
0,50,86,51,86,4.97
0,50,87,51,88,3.82
0,51,75,51,76,8.27
0,51,77,51,78,18.54
0,51,87,52,87,7.72
0,52,76,53,77,20.37
0,52,88,53,88,11.03
0,52,89,53,89,7.86
0,53,73,53,74,23.05
0,53,78,54,79,23.83
0,53,79,53,80,23.87
0,53,90,54,89,8.10
0,54,70,53,71,24.09
0,54,71,54,72,31.34
0,54,84,54,85,11.67
0,54,91,55,90,6.00
0,54,92,55,93,6.45
0,54,93,54,94,12.20
0,54,96,55,97,3.70
0,55,69,55,70,25.12
0,55,85,55,86,11.14
0,55,91,56,90,11.61
0,55,92,56,93,9.43
0,55,95,56,96,6.87
0,56,68,56,69,26.46
0,56,77,55,78,24.84
0,56,79,55,80,28.67
0,56,80,55,81,30.19
0,56,81,56,82,25.08
0,56,86,57,87,11.42
0,56,91,56,90,13.68
0,56,92,56,93,8.98
0,56,94,57,95,7.95
0,56,98,56,99,13.52
0,56,100,57,101,4.91
0,57,64,58,65,16.73
0,57,65,58,66,24.46
0,57,66,57,67,24.95
0,57,72,56,73,34.39
0,57,73,56,74,30.27
0,57,74,56,75,27.75
0,57,75,56,76,26.43
0,57,76,58,77,23.38
0,57,77,56,78,16.82
0,57,78,57,79,17.92
0,57,84,58,85,19.68
0,57,85,58,86,15.70
0,57,88,58,89,8.61
0,57,90,58,89,12.74
0,57,91,58,90,13.42
0,57,92,58,91,6.67
0,57,93,58,94,10.32
0,57,99,57,100,11.38
0,57,102,58,103,3.43
0,58,57,59,57,11.89
0,58,58,59,59,18.62
0,58,59,59,60,29.58
0,58,60,59,61,30.61
0,58,61,58,62,26.54
0,58,64,59,65,31.81
0,58,67,59,68,27.50
0,58,68,57,69,25.79
0,58,69,57,70,26.94
0,58,70,57,71,28.54
0,58,71,58,72,34.64
0,58,73,59,74,31.69
0,58,74,59,75,30.36
0,58,75,58,76,29.68
0,58,78,59,79,22.25
0,58,79,59,80,28.04
0,58,80,58,81,30.62
0,58,92,59,91,4.26
0,58,93,58,94,9.76
0,58,100,59,101,7.84
0,59,56,60,56,16.29
0,59,58,60,58,28.57
0,59,62,60,63,35.91
0,59,63,59,64,40.22
0,59,69,60,70,34.49
0,59,70,60,71,33.76
0,59,71,59,72,37.96
0,59,76,60,77,30.91
0,59,81,60,82,27.46
0,59,82,60,83,25.30
0,59,83,60,84,26.32
0,59,84,59,85,23.21
0,59,88,60,89,9.72
0,59,90,60,89,12.40
0,59,92,60,91,5.77
0,59,93,60,94,10.88
0,59,94,60,95,18.33
0,60,59,60,60,31.75
0,60,64,61,65,39.68
0,60,72,61,73,38.88
0,60,92,61,91,11.43
0,60,93,61,94,15.94
0,61,55,62,56,9.14
0,61,56,62,57,22.42
0,61,59,62,59,33.22
0,61,60,61,61,30.35
0,61,66,62,67,35.13
0,61,67,61,68,36.62
0,61,89,62,90,10.54
0,61,92,62,92,20.15
0,61,93,62,94,22.57
0,62,55,63,56,17.08
0,62,60,63,60,30.67
0,62,61,62,62,27.55
0,62,74,63,75,31.10
0,62,83,63,84,21.34
0,62,84,63,85,18.57
0,62,85,63,86,16.46
0,62,86,63,86,16.80
0,62,89,63,89,20.47
0,62,91,63,91,25.88
0,62,93,63,93,24.20
0,62,95,63,96,14.81
0,63,55,64,56,19.97
0,63,61,64,61,30.19
0,63,62,63,63,27.74
0,63,76,63,77,29.47
0,63,95,64,96,15.32
0,63,100,64,100,10.08
0,63,102,64,102,7.73
0,64,54,65,55,13.24
0,64,55,64,56,27.15
0,64,62,65,62,28.35
0,64,63,64,64,28.82
0,64,77,65,78,23.03
0,64,81,63,82,14.23
0,64,82,63,83,16.80
0,64,83,65,84,17.45
0,64,84,65,85,15.94
0,64,85,65,86,13.68
0,64,86,65,86,12.18
0,64,87,65,88,13.97
0,64,88,64,89,18.20
0,64,91,65,91,17.04
0,64,95,65,95,16.29
0,64,97,65,97,12.01
0,64,99,65,99,10.16
0,64,103,65,104,6.27
0,64,106,65,105,2.31
0,64,107,65,108,1.81
0,65,54,66,55,23.92
0,65,56,66,57,34.80
0,65,57,65,58,32.84
0,65,63,66,63,25.64
0,65,64,65,65,30.59
0,65,80,64,80,10.45
0,65,81,66,82,12.38
0,65,82,66,83,15.06
0,65,83,65,84,16.71
0,65,100,66,100,8.06
0,65,103,66,104,5.81
0,65,106,66,106,3.79
0,65,107,66,106,2.53
0,66,53,66,54,24.30
0,66,58,67,59,34.76
0,66,59,66,60,35.48
0,66,64,66,65,20.47
0,66,71,66,72,33.95
0,66,73,65,74,29.38
0,66,74,65,75,25.81
0,66,75,66,76,24.08
0,66,84,65,85,17.98
0,66,85,65,85,23.77
0,66,87,65,88,21.86
0,66,88,65,89,20.44
0,66,89,65,90,19.75
0,66,90,66,91,19.34
0,66,94,67,94,17.82
0,66,96,67,95,13.99
0,66,99,67,99,7.66
0,66,102,67,102,5.41
0,66,107,67,106,3.04
0,66,108,67,107,1.65
0,66,110,67,111,0.69
0,67,52,68,53,4.30
0,67,53,67,54,23.43
0,67,60,68,61,31.35
0,67,64,68,64,27.21
0,67,65,67,66,21.74
0,67,80,67,81,17.23
0,67,83,66,83,20.32
0,67,84,67,85,13.90
0,67,86,67,87,18.63
0,67,91,66,92,16.03
0,67,92,67,93,15.56
0,67,96,68,96,21.94
0,67,103,68,103,6.50
0,67,105,68,105,4.74
0,67,108,68,108,2.62
0,67,109,68,109,2.39
0,68,52,69,52,13.58
0,68,58,69,59,33.23
0,68,59,68,60,34.74
0,68,65,69,64,26.37
0,68,66,68,67,22.19
0,68,81,67,81,20.81
0,68,83,68,84,22.75
0,68,85,68,86,14.73
0,68,93,67,94,14.05
0,68,94,68,95,13.35
0,68,99,69,98,14.15
0,68,102,69,102,7.17
0,68,107,69,106,4.91
0,68,111,68,112,1.52
0,69,51,70,51,17.26
0,69,53,70,54,28.21
0,69,54,69,55,35.03
0,69,65,70,64,32.78
0,69,66,70,66,21.32
0,69,67,69,68,22.31
0,69,81,68,82,12.88
0,69,82,69,83,17.10
0,69,85,69,86,14.29
0,69,95,68,96,12.95
0,69,96,69,97,13.51
0,69,100,70,99,8.81
0,69,109,70,108,2.24
0,69,111,70,111,2.01
0,70,50,71,51,15.47
0,70,53,71,54,31.98
0,70,55,71,56,33.06
0,70,56,70,57,30.69
0,70,65,71,64,35.57
0,70,67,71,67,20.19
0,70,68,69,69,19.30
0,70,69,69,70,32.69
0,70,70,69,71,37.09
0,70,72,69,73,36.25
0,70,80,70,81,20.56
0,70,82,71,83,21.55
0,70,83,71,84,29.52
0,70,84,71,85,25.87
0,70,86,71,87,17.80
0,70,87,70,88,19.63
0,70,89,71,90,14.77
0,70,90,70,91,16.49
0,70,96,69,97,13.34
0,70,97,70,98,16.33
0,70,100,71,99,13.11
0,70,101,71,101,9.39
0,70,109,71,108,4.68
0,71,49,72,48,13.18
0,71,50,72,51,20.15
0,71,52,72,53,30.88
0,71,57,72,58,31.61
0,71,58,72,59,36.81
0,71,59,71,60,39.10
0,71,65,72,64,37.41
0,71,68,72,68,24.99
0,71,69,72,69,23.34
0,71,70,70,71,29.23
0,71,71,72,72,33.20
0,71,72,70,73,30.41
0,71,73,70,74,24.89
0,71,74,70,75,22.95
0,71,75,70,76,24.49
0,71,76,70,77,24.08
0,71,77,70,78,22.31
0,71,78,70,79,22.86
0,71,79,71,80,25.21
0,71,86,72,86,24.72
0,71,88,72,89,17.52
0,71,97,71,98,17.81
0,71,100,72,99,16.15
0,71,102,72,101,7.19
0,71,103,72,104,7.51
0,71,110,72,109,5.01
0,71,112,72,112,3.25
0,72,49,73,50,16.67
0,72,50,73,51,23.51
0,72,52,73,53,32.00
0,72,60,73,61,36.76
0,72,61,72,62,34.38
0,72,67,73,66,32.36
0,72,70,73,71,35.38
0,72,71,73,72,39.44
0,72,73,73,74,33.53
0,72,74,73,74,30.68
0,72,75,73,76,29.89
0,72,76,73,77,28.86
0,72,77,73,78,26.21
0,72,78,73,79,25.31
0,72,79,72,80,27.27
0,72,81,72,82,24.46
0,72,88,73,88,19.13
0,72,90,73,91,14.04
0,72,91,73,92,13.63
0,72,92,72,93,12.59
0,72,94,72,95,16.34
0,72,100,73,99,18.23
0,72,102,73,101,10.43
0,72,103,73,104,11.60
0,72,110,73,109,6.00
0,73,48,74,47,17.50
0,73,49,74,50,18.03
0,73,62,74,63,34.41
0,73,63,73,64,37.82
0,73,67,74,67,31.89
0,73,68,74,68,31.94
0,73,70,74,71,36.04
0,73,75,74,76,36.08
0,73,80,74,81,27.09
0,73,82,73,83,27.58
0,73,90,74,91,13.58
0,73,93,73,94,13.12
0,73,102,74,101,16.85
0,73,103,74,104,15.00
0,73,110,74,109,6.89
0,73,112,74,111,3.46
0,74,46,75,45,8.12
0,74,48,75,48,17.80
0,74,49,75,50,20.54
0,74,58,75,59,28.28
0,74,59,74,60,33.02
0,74,66,75,65,34.79
0,74,69,75,70,34.28
0,74,75,75,76,36.10
0,74,79,75,79,28.71
0,74,83,74,84,34.47
0,74,90,75,90,14.26
0,74,95,74,96,13.50
0,74,100,75,100,15.13
0,74,102,75,102,19.74
0,74,103,75,102,15.51
0,74,112,75,112,3.43
0,75,46,76,46,14.51
0,75,49,76,49,25.86
0,75,58,76,58,30.47
0,75,60,75,61,33.54
0,75,66,76,66,34.24
0,75,69,76,70,35.61
0,75,71,76,72,37.62
0,75,80,76,80,25.40
0,75,84,76,85,32.87
0,75,85,75,86,29.57
0,75,92,76,92,11.98
0,75,96,75,97,11.15
0,75,98,75,99,17.45
0,75,103,76,102,18.72
0,75,111,76,110,6.78
0,76,44,77,44,7.10
0,76,48,77,49,23.62
0,76,50,77,51,31.42
0,76,59,77,60,30.17
0,76,61,76,62,30.91
0,76,69,77,69,35.41
0,76,71,77,72,36.92
0,76,76,77,77,32.54
0,76,81,77,82,25.37
0,76,86,76,87,23.40
0,76,93,77,93,12.99
0,76,94,77,95,12.54
0,76,97,77,97,10.29
0,76,98,75,99,9.81
0,76,99,76,100,18.70
0,76,103,77,103,20.67
0,76,108,77,107,10.35
0,76,111,77,110,8.62
0,77,48,78,49,27.28
0,77,59,78,60,28.15
0,77,62,77,63,31.61
0,77,70,78,71,32.96
0,77,76,78,77,30.76
0,77,81,78,82,27.25
0,77,87,78,88,16.42
0,77,94,78,94,19.19
0,77,98,78,98,11.24
0,77,99,76,100,10.98
0,77,100,76,100,17.98
0,77,112,78,111,4.74
0,77,113,78,113,3.95
0,78,43,79,43,8.65
0,78,47,79,48,27.59
0,78,51,79,51,31.91
0,78,59,79,60,27.62
0,78,63,78,64,31.63
0,78,70,79,70,31.28
0,78,81,79,82,28.81
0,78,93,79,93,21.85
0,78,99,79,99,6.82
0,78,100,77,101,8.16
0,78,101,77,102,15.83
0,78,102,78,103,18.27
0,78,112,79,111,5.23
0,78,114,79,115,5.76
0,79,41,80,42,3.84
0,79,42,80,42,9.99
0,79,45,80,46,22.47
0,79,52,80,52,32.09
0,79,64,80,65,30.24
0,79,65,79,66,28.80
0,79,71,80,72,32.24
0,79,81,80,81,29.86
0,79,100,80,100,4.06
0,79,101,79,102,8.48
0,79,112,80,111,8.28
0,79,113,80,114,9.02
0,80,40,81,41,8.61
0,80,41,81,41,12.22
0,80,44,81,45,21.20
0,80,49,81,50,32.98
0,80,53,81,53,32.14
0,80,66,81,67,26.91
0,80,67,79,68,27.03
0,80,68,80,69,26.97
0,80,71,81,72,25.15
0,80,99,81,98,10.74
0,80,101,79,102,5.58
0,80,102,79,103,10.74
0,80,103,80,104,23.65
0,80,112,81,111,10.70
0,80,113,81,113,11.69
0,80,115,81,116,13.38
0,81,38,82,39,3.84
0,81,39,82,40,9.11
0,81,40,82,41,14.29
0,81,44,82,45,25.83
0,81,51,82,52,31.10
0,81,54,82,54,30.10
0,81,70,82,71,22.21
0,81,77,80,78,22.09
0,81,78,80,79,23.99
0,81,79,80,80,21.49
0,81,80,81,81,18.59
0,81,95,82,96,9.48
0,81,100,82,99,15.03
0,81,101,82,101,14.22
0,81,102,82,102,13.40
0,81,103,81,104,21.94
0,81,107,81,106,19.45
0,81,112,82,112,9.63
0,81,114,82,115,12.26
0,82,36,83,37,6.18
0,82,37,83,38,11.07
0,82,38,83,39,14.76
0,82,43,83,44,23.14
0,82,50,83,51,29.69
0,82,55,83,56,26.73
0,82,68,83,69,22.09
0,82,69,82,70,23.92
0,82,75,81,75,21.09
0,82,76,81,76,17.17
0,82,77,82,78,17.96
0,82,82,83,83,13.82
0,82,83,82,84,12.74
0,82,89,83,90,8.57
0,82,90,83,91,8.93
0,82,91,82,92,9.96
0,82,97,83,98,8.27
0,82,100,83,100,19.50
0,82,103,83,104,23.13
0,82,104,83,104,20.58
0,82,106,82,105,21.51
0,82,111,83,110,11.40
0,82,113,83,114,11.41
0,82,118,83,118,4.49
0,83,33,83,34,9.03
0,83,35,84,36,16.45
0,83,36,84,37,17.96
0,83,42,84,43,22.67
0,83,49,84,50,29.04
0,83,55,84,56,24.58
0,83,57,84,57,22.15
0,83,60,83,61,22.74
0,83,67,83,68,19.49
0,83,72,82,72,25.09
0,83,74,82,74,17.58
0,83,75,83,76,15.43
0,83,84,84,85,11.98
0,83,85,83,86,10.99
0,83,94,84,95,9.54
0,83,95,83,96,9.62
0,83,103,84,104,19.96
0,83,105,84,104,14.30
0,83,106,84,106,20.15
0,83,111,84,110,16.15
0,83,113,84,114,15.15
0,84,31,84,32,15.03
0,84,34,85,35,22.68
0,84,42,85,43,29.55
0,84,47,85,48,26.75
0,84,55,85,56,21.32
0,84,58,85,59,20.81
0,84,70,83,70,22.97
0,84,71,83,71,21.16
0,84,72,83,73,21.31
0,84,73,84,74,19.29
0,84,76,85,77,22.51
0,84,77,85,78,23.18
0,84,78,85,79,25.07
0,84,79,85,80,26.13
0,84,80,85,81,22.47
0,84,81,84,82,20.29
0,84,86,84,87,10.40
0,84,93,84,94,10.69
0,84,96,84,97,9.13
0,84,103,84,104,13.45
0,84,105,85,106,14.78
0,84,111,85,111,23.07
0,84,113,85,113,17.33
0,84,116,85,116,11.94
0,85,30,85,31,23.64
0,85,32,86,33,28.32
0,85,33,86,34,27.89
0,85,42,86,42,30.75
0,85,46,86,47,20.89
0,85,54,86,55,16.25
0,85,57,86,58,16.67
0,85,64,85,65,15.08
0,85,67,84,67,17.13
0,85,70,86,71,9.98
0,85,71,85,72,18.24
0,85,74,86,75,19.24
0,85,75,85,76,24.38
0,85,90,86,91,9.56
0,85,91,86,92,9.67
0,85,92,85,93,9.36
0,85,98,84,99,12.60
0,85,100,84,100,13.09
0,85,104,85,105,11.27
0,85,110,86,110,30.63
0,85,112,86,111,23.98
0,85,115,86,116,10.82
0,86,27,86,28,19.54
0,86,29,86,30,27.50
0,86,40,87,41,21.06
0,86,43,86,44,25.84
0,86,46,87,47,14.60
0,86,53,87,54,11.97
0,86,65,85,66,14.52
0,86,67,85,68,15.19
0,86,69,87,70,9.58
0,86,70,87,71,13.64
0,86,73,87,74,22.57
0,86,89,86,90,9.72
0,86,95,85,96,16.19
0,86,109,87,109,29.50
0,86,112,87,111,29.58
0,86,115,87,115,11.35
0,86,118,87,119,10.41
0,87,24,87,25,12.32
0,87,42,88,43,18.16
0,87,46,88,47,11.46
0,87,59,87,60,5.39
0,87,61,86,62,7.30
0,87,65,86,66,15.93
0,87,67,86,68,14.08
0,87,68,88,69,16.11
0,87,69,88,70,15.43
0,87,72,88,73,24.96
0,87,82,86,83,11.22
0,87,83,87,84,15.47
0,87,94,86,94,12.70
0,87,106,86,107,16.92
0,87,114,88,114,21.56
0,87,117,88,116,12.40
0,88,25,88,26,17.53
0,88,32,88,33,44.51
0,88,45,88,46,9.31
0,88,64,87,64,14.33
0,88,65,87,66,13.27
0,88,66,89,67,13.96
0,88,67,89,68,17.48
0,88,68,89,69,21.55
0,88,80,87,81,16.94
0,88,81,89,82,11.11
0,88,82,89,83,11.76
0,88,83,88,84,17.99
0,88,86,87,87,7.71
0,88,87,88,88,7.93
0,88,89,87,89,11.88
0,88,90,87,90,13.38
0,88,113,89,113,37.53
0,88,115,89,114,32.79
0,88,117,89,116,19.22
0,88,118,89,118,18.26
0,89,27,89,28,20.80
0,89,35,89,36,31.20
0,89,43,90,44,10.38
0,89,44,89,45,12.41
0,89,46,90,47,13.42
0,89,47,89,48,21.59
0,89,61,88,61,17.76
0,89,62,88,62,14.52
0,89,63,88,63,13.13
0,89,64,90,65,13.27
0,89,65,90,66,16.94
0,89,66,90,67,20.46
0,89,72,89,73,21.65
0,89,77,88,78,13.07
0,89,78,88,79,12.63
0,89,79,89,80,17.36
0,89,88,88,88,12.92
0,89,90,88,91,8.49
0,89,108,88,109,19.02
0,89,115,90,115,34.49
0,89,117,90,117,30.44
0,89,119,90,118,20.00
0,89,122,90,122,6.27
0,90,28,89,29,18.15
0,90,29,89,30,26.31
0,90,30,90,31,36.05
0,90,33,89,34,37.32
0,90,34,90,35,32.47
0,90,48,90,49,15.21
0,90,50,89,50,14.04
0,90,55,89,55,29.38
0,90,56,89,56,25.95
0,90,57,89,57,21.79
0,90,58,89,58,17.59
0,90,59,89,59,13.36
0,90,60,89,60,11.88
0,90,61,91,62,12.47
0,90,62,91,63,15.05
0,90,63,91,64,19.30
0,90,64,91,65,22.55
0,90,73,91,74,22.74
0,90,74,91,74,20.81
0,90,75,90,76,19.12
0,90,78,91,79,17.19
0,90,79,90,80,21.97
0,90,87,89,87,14.71
0,90,95,89,96,8.20
0,90,99,89,100,9.12
0,90,100,89,101,9.12
0,90,101,89,102,9.37
0,90,107,90,108,15.03
0,90,109,89,110,15.19
0,90,116,91,116,25.52
0,90,119,91,119,22.54
0,90,121,91,121,13.19
0,91,29,91,30,19.63
0,91,43,91,44,18.81
0,91,52,90,52,24.26
0,91,53,90,53,17.54
0,91,54,90,54,12.73
0,91,55,92,56,13.89
0,91,56,92,57,14.04
0,91,57,92,58,13.90
0,91,58,92,59,15.87
0,91,59,92,60,19.05
0,91,60,92,61,21.59
0,91,61,92,62,23.33
0,91,76,91,77,20.07
0,91,81,90,82,13.47
0,91,82,91,83,10.38
0,91,87,90,88,12.31
0,91,93,90,94,6.21
0,91,96,90,97,6.04
0,91,97,90,98,6.70
0,91,102,90,103,8.63
0,91,110,90,111,12.35
0,91,111,90,112,15.27
0,91,114,91,115,11.82
0,91,117,92,117,15.09
0,92,30,91,31,22.98
0,92,31,91,32,34.52
0,92,35,91,36,37.51
0,92,37,91,38,26.95
0,92,44,91,45,30.66
0,92,50,91,50,30.13
0,92,52,91,51,12.48
0,92,53,93,54,8.93
0,92,54,93,55,17.34
0,92,55,93,56,21.20
0,92,75,91,75,18.64
0,92,76,91,77,21.97
0,92,77,91,78,23.45
0,92,78,91,79,20.69
0,92,79,93,80,19.93
0,92,80,92,81,17.97
0,92,83,91,83,16.24
0,92,85,91,85,16.24
0,92,94,91,95,6.64
0,92,95,92,96,7.79
0,92,98,92,99,7.50
0,92,103,91,104,7.93
0,92,104,91,105,8.42
0,92,105,91,106,9.27
0,92,106,92,107,10.61
0,92,108,91,109,14.65
0,92,112,91,113,13.91
0,92,115,92,116,13.14
0,92,119,93,119,11.01
0,92,123,93,123,4.36
0,93,31,92,32,20.40
0,93,32,92,33,32.18
0,93,33,92,34,38.84
0,93,34,93,35,38.84
0,93,36,93,37,32.21
0,93,39,92,40,23.44
0,93,43,92,43,35.24
0,93,51,92,51,16.97
0,93,52,93,53,15.48
0,93,71,92,72,15.98
0,93,73,92,73,13.13
0,93,74,92,74,11.54
0,93,75,93,76,16.76
0,93,79,93,80,22.81
0,93,82,92,82,16.94
0,93,85,92,86,12.04
0,93,91,92,92,10.46
0,93,99,93,100,6.87
0,93,101,92,102,6.02
0,93,102,93,103,6.32
0,93,113,92,114,12.57
0,93,120,94,119,11.24
0,94,32,94,33,24.90
0,94,39,93,40,15.23
0,94,42,93,42,25.38
0,94,49,93,49,23.91
0,94,50,93,50,16.57
0,94,51,94,52,19.97
0,94,64,94,65,19.75
0,94,69,93,69,19.13
0,94,72,93,72,11.85
0,94,73,94,74,11.33
0,94,75,94,76,20.89
0,94,77,95,78,21.31
0,94,78,94,79,23.35
0,94,81,93,81,18.57
0,94,84,93,84,10.28
0,94,93,93,94,4.90
0,94,104,94,105,3.40
0,94,106,93,107,5.01
0,94,107,93,108,8.41
0,94,109,93,110,12.38
0,94,110,93,111,15.34
0,94,115,93,116,15.98
0,94,121,95,120,9.08
0,95,33,95,34,24.92
0,95,42,94,43,15.64
0,95,47,94,47,24.80
0,95,48,94,48,18.46
0,95,49,96,50,11.80
0,95,50,95,51,16.52
0,95,54,96,55,21.33
0,95,55,95,56,23.10
0,95,68,94,68,18.75
0,95,71,95,72,15.46
0,95,80,94,80,18.62
0,95,83,94,83,15.57
0,95,85,94,86,9.72
0,95,91,94,92,6.40
0,95,106,95,107,3.09
0,95,108,95,109,7.99
0,95,111,95,112,16.21
0,95,113,94,114,10.77
0,95,116,94,117,15.86
0,95,121,96,121,10.24
0,96,34,95,35,19.89
0,96,35,95,36,28.68
0,96,41,95,41,18.32
0,96,44,95,45,15.21
0,96,45,95,46,15.98
0,96,46,96,47,15.36
0,96,49,97,50,18.18
0,96,68,95,69,14.94
0,96,69,95,70,14.71
0,96,70,96,71,16.83
0,96,73,97,74,15.94
0,96,74,96,75,17.16
0,96,76,96,77,27.40
0,96,79,95,79,16.48
0,96,83,95,84,17.71
0,96,84,96,85,17.73
0,96,86,95,87,8.37
0,96,89,95,90,5.84
0,96,108,96,109,4.18
0,96,112,96,113,13.68
0,96,114,96,115,11.72
0,96,117,95,118,13.39
0,96,118,96,119,16.74
0,96,122,97,122,10.04
0,96,123,97,123,9.74
0,97,35,96,36,19.57
0,97,38,96,38,37.66
0,97,47,97,48,21.79
0,97,51,97,52,21.70
0,97,59,96,60,15.78
0,97,66,96,67,12.82
0,97,67,97,68,13.71
0,97,71,97,72,23.93
0,97,75,97,76,26.18
0,97,78,96,78,17.45
0,97,80,96,80,16.40
0,97,82,96,82,11.61
0,97,83,97,84,16.43
0,97,87,96,88,3.77
0,97,110,97,111,5.62
0,97,118,97,119,16.04
0,97,125,98,125,2.52
0,98,36,97,36,19.53
0,98,37,97,37,23.53
0,98,38,97,39,29.69
0,98,57,97,58,18.37
0,98,64,97,65,12.98
0,98,65,98,66,12.53
0,98,68,99,69,17.75
0,98,69,99,70,19.69
0,98,70,99,71,23.08
0,98,80,97,79,18.84
0,98,81,97,81,13.64
0,98,85,97,86,8.44
0,98,112,98,113,5.65
0,98,114,98,115,10.80
0,98,119,98,120,14.63
0,99,38,98,39,19.15
0,99,39,98,40,28.94
0,99,63,99,64,15.19
0,99,67,100,68,19.09
0,99,79,98,79,19.80
0,99,80,98,79,16.09
0,99,82,99,83,9.61
0,100,39,99,40,20.87
0,100,40,99,41,27.96
0,100,42,99,43,29.53
0,100,43,100,44,29.45
0,100,60,99,61,16.26
0,100,61,99,62,15.34
0,100,62,100,63,15.83
0,100,79,99,78,13.43
0,100,80,99,81,9.48
0,100,118,100,119,7.58
0,101,40,100,41,20.55
0,101,41,101,42,26.28
0,101,45,100,46,26.41
0,101,54,100,55,25.44
0,101,59,101,60,19.38
0,101,79,100,78,9.24
0,101,120,101,121,5.85
0,102,41,102,42,18.67
0,102,54,101,55,26.53
0,102,58,102,59,21.79
0,102,78,101,78,11.53
0,102,121,102,122,4.62
0,102,125,103,125,3.22
0,103,42,102,43,16.27
0,103,43,103,44,24.68
0,103,53,102,53,24.07
0,103,56,102,57,27.09
0,103,57,103,58,25.71
0,103,77,102,77,10.93
0,103,122,104,123,4.20
0,103,123,103,124,7.14
0,104,43,103,44,17.54
0,104,44,103,45,24.00
0,104,52,103,52,18.59
0,104,53,103,54,13.72
0,104,54,103,55,17.43
0,104,55,104,56,25.33
0,104,67,104,68,22.97
0,104,72,103,72,26.30
0,104,73,103,73,23.42
0,104,76,103,76,13.49
0,105,44,104,45,15.39
0,105,45,104,46,22.91
0,105,51,105,52,22.89
0,105,54,106,55,16.13
0,105,55,105,56,24.67
0,105,72,104,71,19.88
0,106,45,105,46,11.33
0,106,46,105,47,18.89
0,106,48,105,49,28.60
0,106,49,105,50,26.15
0,106,50,106,51,24.82
0,106,71,105,70,22.69
0,106,75,105,75,10.10
0,107,46,106,47,8.55
0,107,47,107,48,19.83
0,107,63,107,64,19.66
0,107,71,106,70,24.58
0,108,47,108,48,16.09
0,108,74,107,74,11.22
0,109,47,109,48,14.93
0,110,48,110,49,18.55
0,110,73,109,73,12.39
0,111,48,111,49,14.97
0,112,48,111,49,12.45
0,112,49,111,50,22.77
0,112,71,111,71,31.50
0,113,49,112,50,13.24
0,113,50,112,51,21.10
0,113,51,112,52,23.03
0,114,51,113,52,14.04
0,114,52,113,53,19.69
0,114,69,113,69,36.62
0,114,71,113,71,19.35
0,115,52,114,53,9.89
0,115,53,114,54,15.85
0,115,54,114,55,22.34
0,116,54,115,55,15.09
0,116,55,115,56,22.82
0,116,70,115,70,15.91
0,117,55,116,56,12.52
0,117,56,116,57,15.75
0,117,69,116,69,18.83
0,118,57,117,57,18.08
0,118,62,117,62,17.48
0,118,63,117,63,14.84
0,118,64,117,64,14.80
0,118,65,117,65,14.63
0,118,66,117,66,14.10
0,118,67,117,67,13.51
0,118,68,117,68,12.27
0,119,58,118,58,13.79
0,119,59,118,59,16.25
0,119,60,118,60,15.88
0,119,61,118,61,13.70
1,49,83,50,84,6.19
1,50,78,50,79,18.06
1,51,76,52,77,13.80
1,51,78,51,79,25.46
1,51,84,52,84,9.46
1,51,86,52,86,9.37
1,51,88,51,89,5.92
1,52,87,53,87,13.09
1,53,71,53,72,17.76
1,53,74,53,75,25.70
1,53,77,54,78,23.12
1,53,80,53,81,20.38
1,53,88,54,88,15.83
1,53,89,54,89,13.43
1,54,72,54,73,30.91
1,54,94,54,95,8.99
1,55,70,55,71,30.72
1,55,78,54,79,29.30
1,55,80,55,81,27.84
1,55,86,56,87,10.60
1,55,90,56,89,17.06
1,55,93,55,94,15.32
1,55,97,55,98,12.53
1,56,73,55,74,33.23
1,56,74,55,75,30.30
1,56,75,55,76,29.42
1,56,76,55,77,27.65
1,56,78,55,79,24.66
1,56,82,56,83,21.68
1,56,96,57,97,13.15
1,57,67,57,68,30.19
1,57,69,56,70,35.36
1,57,70,56,71,35.83
1,57,71,56,72,36.51
1,57,79,57,80,27.39
1,57,87,58,88,10.78
1,57,95,58,96,13.97
1,57,101,58,102,6.39
1,58,62,58,63,24.60
1,58,65,59,66,34.96
1,58,66,59,67,32.28
1,58,72,59,73,35.55
1,58,76,59,77,28.03
1,58,77,59,78,22.80
1,58,81,58,82,26.67
1,58,85,59,86,17.17
1,58,86,59,87,13.53
1,58,91,58,90,12.95
1,58,103,59,104,4.76
1,59,57,60,57,26.85
1,59,59,59,60,35.77
1,59,65,60,66,36.66
1,59,68,60,69,35.88
1,59,72,60,73,39.23
1,59,74,60,75,34.12
1,59,75,60,76,32.91
1,59,79,60,80,27.45
1,59,80,60,81,30.52
1,59,91,60,90,14.33
1,59,101,60,102,7.41
1,60,56,61,57,24.44
1,60,58,61,58,34.11
1,60,60,60,61,36.57
1,60,70,61,71,36.38
1,60,71,61,72,38.10
1,60,77,61,78,26.78
1,60,82,61,83,25.38
1,60,83,60,84,25.03
1,60,91,61,90,18.24
1,60,94,61,95,23.35
1,60,95,61,96,18.94
1,61,61,61,62,33.93
1,61,73,61,74,34.27
1,61,91,62,90,22.38
1,61,94,62,94,23.93
1,62,56,63,57,30.76
1,62,59,63,59,34.89
1,62,62,62,63,35.77
1,62,92,63,92,26.23
1,63,56,64,57,34.63
1,63,60,64,60,35.85
1,63,63,63,64,35.43
1,63,75,64,76,31.27
1,63,89,64,90,17.00
1,63,91,64,90,23.10
1,63,93,64,93,21.95
1,63,96,64,96,14.02
1,64,61,65,61,34.69
1,64,64,64,65,35.28
1,64,102,65,102,7.04
1,65,55,66,56,35.27
1,65,58,65,59,33.44
1,65,62,66,62,31.24
1,65,65,65,66,34.63
1,65,95,66,95,13.60
1,65,97,66,97,10.47
1,65,99,66,100,8.56
1,65,104,66,104,5.79
1,65,108,66,109,1.71
1,66,54,66,55,33.70
1,66,57,67,58,34.15
1,66,63,67,63,28.21
1,66,65,66,66,30.28
1,66,72,65,73,32.84
1,66,76,66,77,23.89
1,67,54,67,55,38.48
1,67,66,67,67,31.75
1,67,87,67,88,18.40
1,67,99,68,98,9.57
1,67,102,68,101,6.55
1,67,107,68,106,3.06
1,67,111,68,112,1.27
1,68,53,68,54,23.88
1,68,64,69,64,35.09
1,68,67,68,68,34.98
1,68,82,67,82,21.89
1,68,84,67,85,17.16
1,68,86,68,87,18.44
1,68,103,69,103,6.83
1,68,108,69,107,3.03
1,68,109,69,108,2.43
1,69,52,70,52,21.62
1,69,55,69,56,35.83
1,69,68,69,69,35.42
1,69,70,68,71,37.60
1,69,71,69,72,38.62
1,69,73,68,74,33.31
1,69,83,69,84,25.71
1,69,86,69,87,16.66
1,69,102,70,102,7.83
1,70,51,71,51,22.30
1,70,54,71,55,35.09
1,70,57,70,58,32.74
1,70,66,71,66,31.28
1,70,71,69,72,38.09
1,70,73,69,74,33.80
1,70,74,69,75,33.48
1,70,75,69,76,33.92
1,70,76,69,77,32.65
1,70,77,69,78,30.10
1,70,78,69,79,27.42
1,70,79,69,80,24.60
1,70,81,71,82,14.60
1,70,88,71,89,16.50
1,70,91,70,92,15.32
1,70,99,70,98,21.22
1,70,108,71,107,8.22
1,70,111,71,111,3.09
1,71,54,72,55,36.27
1,71,56,72,57,31.37
1,71,60,71,61,36.84
1,71,67,72,66,32.10
1,71,80,71,81,24.65
1,71,83,72,84,33.02
1,71,84,72,85,31.50
1,71,87,72,87,21.81
1,71,99,72,99,18.92
1,71,108,72,107,10.10
1,72,48,73,47,13.38
1,72,53,73,54,35.81
1,72,58,72,59,35.08
1,72,62,72,63,34.93
1,72,68,73,69,32.08
1,72,69,73,69,34.20
1,72,72,73,73,38.19
1,72,80,73,81,26.82
1,72,82,72,83,27.77
1,72,89,73,89,16.14
1,72,93,73,94,12.58
1,72,95,72,96,17.05
1,72,109,73,108,7.99
1,72,112,73,111,3.85
1,73,50,74,51,24.95
1,73,51,74,52,28.43
1,73,53,74,54,33.32
1,73,66,74,65,33.10
1,73,71,74,72,39.16
1,73,72,74,73,38.94
1,73,76,74,77,35.42
1,73,77,74,77,32.63
1,73,78,74,78,29.72
1,73,79,74,80,28.30
1,73,83,73,84,34.59
1,73,88,74,88,18.93
1,73,91,74,92,13.15
1,73,92,74,93,11.99
1,73,101,74,101,18.99
1,73,109,74,108,8.63
1,74,50,75,51,26.56
1,74,60,74,61,36.89
1,74,67,75,67,34.12
1,74,68,75,68,33.05
1,74,71,75,72,37.09
1,74,76,75,77,35.65
1,74,81,75,82,24.15
1,74,84,74,85,33.97
1,74,91,75,91,11.80
1,74,96,74,97,14.16
1,74,109,75,108,8.93
1,74,111,75,110,5.30
1,75,45,76,45,11.42
1,75,48,76,49,20.42
1,75,50,76,51,29.63
1,75,59,76,60,31.07
1,75,61,75,62,34.63
1,75,76,76,77,34.41
1,75,79,76,79,30.04
1,75,86,76,87,22.91
1,75,90,76,90,18.33
1,75,97,74,98,11.37
1,75,112,76,112,4.02
1,76,46,77,46,18.30
1,76,58,77,58,30.59
1,76,62,76,63,33.78
1,76,72,77,73,38.72
1,76,80,77,80,25.71
1,76,85,77,86,27.30
1,76,92,77,92,16.97
1,76,110,77,109,9.98
1,77,44,78,44,11.79
1,77,49,78,50,31.66
1,77,51,78,52,32.22
1,77,60,78,61,28.34
1,77,63,77,64,34.98
1,77,69,78,69,33.28
1,77,72,78,73,35.50
1,77,82,78,83,32.06
1,77,93,78,94,17.91
1,77,95,78,95,20.51
1,77,101,77,102,16.06
1,77,107,78,106,14.72
1,77,110,78,109,8.51
1,78,49,79,49,34.47
1,78,60,79,61,27.84
1,78,64,78,65,31.58
1,78,71,79,72,32.46
1,78,82,79,83,31.35
1,78,88,79,89,11.68
1,78,98,79,98,10.41
1,78,111,79,110,8.18
1,78,113,79,114,5.73
1,79,43,80,43,14.03
1,79,48,80,48,36.24
1,79,51,80,51,32.73
1,79,60,80,61,27.96
1,79,66,79,67,29.32
1,79,70,80,70,30.58
1,79,82,80,82,29.33
1,79,93,80,94,16.92
1,79,99,80,98,8.04
1,79,103,79,104,21.10
1,79,111,80,110,11.17
1,79,115,80,116,9.13
1,80,46,81,47,32.69
1,80,52,81,52,32.48
1,80,65,81,66,27.97
1,80,72,81,73,26.84
1,80,100,81,99,8.37
1,80,104,81,105,17.47
1,80,111,81,110,12.51
1,81,45,82,46,31.63
1,81,53,82,53,30.97
1,81,76,80,77,20.99
1,81,81,81,82,14.70
1,81,104,81,105,22.37
1,81,111,82,110,10.58
1,81,113,82,114,10.72
1,81,116,82,116,16.55
1,82,39,83,40,19.43
1,82,40,83,40,19.73
1,82,45,83,46,34.12
1,82,54,83,54,28.08
1,82,70,82,71,21.25
1,82,72,81,73,20.15
1,82,74,81,75,22.77
1,82,78,82,79,23.16
1,82,84,82,85,12.10
1,82,92,82,93,9.87
1,82,101,83,101,20.59
1,82,102,83,102,20.72
1,82,112,83,112,11.10
1,82,115,83,116,15.98
1,83,34,84,35,11.93
1,83,37,84,38,24.04
1,83,38,84,39,27.96
1,83,39,84,39,28.13
1,83,44,84,45,35.50
1,83,51,84,52,28.73
1,83,71,82,71,27.13
1,83,73,82,73,21.61
1,83,76,83,77,17.86
1,83,83,84,84,12.56
1,83,86,83,87,10.85
1,83,96,83,97,8.64
1,83,100,84,101,15.30
1,83,110,84,109,20.36
1,83,114,84,115,17.00
1,83,118,84,118,8.16
1,84,32,84,33,20.65
1,84,36,85,37,30.00
1,84,37,85,38,30.65
1,84,43,85,44,35.50
1,84,50,85,51,26.43
1,84,57,85,58,20.83
1,84,74,84,75,16.89
1,84,82,84,83,16.19
1,84,85,85,86,10.39
1,84,87,84,88,10.71
1,84,95,85,96,9.19
1,84,97,84,98,7.99
1,84,110,85,109,26.28
1,84,114,85,114,16.95
1,85,31,86,32,29.30
1,85,35,86,36,33.58
1,85,43,86,44,33.79
1,85,48,86,49,21.29
1,85,59,85,60,14.77
1,85,68,84,68,16.02
1,85,72,85,73,21.75
1,85,77,86,78,27.11
1,85,78,86,79,27.09
1,85,79,85,80,25.85
1,85,113,86,113,17.87
1,86,28,85,29,32.63
1,86,33,87,34,33.30
1,86,34,87,35,33.97
1,86,47,87,48,17.58
1,86,55,87,56,13.35
1,86,58,86,59,9.47
1,86,68,85,69,14.45
1,86,71,86,72,23.49
1,86,75,86,76,26.49
1,86,83,86,84,12.09
1,86,94,85,94,14.65
1,86,110,87,110,32.81
1,87,25,87,26,21.23
1,87,47,88,48,18.53
1,87,54,88,55,11.04
1,87,60,86,61,5.80
1,87,64,86,64,17.28
1,87,66,86,66,14.25
1,87,70,88,71,20.54
1,87,71,88,72,26.19
1,87,81,86,82,11.03
1,87,84,87,85,14.01
1,87,111,88,111,31.54
1,87,115,88,114,17.69
1,87,119,88,120,17.58
1,88,26,88,27,28.20
1,88,33,88,34,39.87
1,88,62,87,63,15.37
1,88,63,87,63,16.50
1,88,69,89,70,22.09
1,88,70,89,71,23.67
1,88,79,87,80,17.21
1,88,84,88,85,14.87
1,88,91,87,91,12.87
1,88,109,88,110,14.18
1,89,28,88,29,27.64
1,89,29,89,30,33.05
1,89,36,89,37,29.49
1,89,55,88,55,27.34
1,89,56,88,56,26.75
1,89,57,88,57,26.02
1,89,58,88,58,24.86
1,89,59,88,59,23.43
1,89,60,88,60,21.35
1,89,67,90,68,23.53
1,89,68,90,69,24.98
1,89,69,90,70,24.64
1,89,73,89,74,19.43
1,89,80,89,81,20.59
1,89,82,89,83,14.45
1,89,96,88,97,8.51
1,89,100,88,101,11.67
1,89,101,88,102,11.71
1,89,102,88,103,12.07
1,89,110,89,111,17.78
1,89,118,90,118,26.34
1,90,31,90,32,42.12
1,90,35,90,36,32.96
1,90,52,89,52,26.89
1,90,53,89,53,30.10
1,90,54,89,54,30.59
1,90,65,91,66,24.46
1,90,66,91,67,24.98
1,90,67,91,68,25.84
1,90,80,90,81,21.35
1,90,88,89,87,12.50
1,90,94,89,95,7.96
1,90,97,89,98,8.07
1,90,98,89,99,9.80
1,90,103,89,104,11.34
1,90,111,89,112,19.00
1,90,112,90,113,16.68
1,90,117,91,116,27.46
1,91,30,91,31,32.63
1,91,38,91,39,28.13
1,91,50,90,49,23.22
1,91,62,92,63,24.66
1,91,63,92,64,26.58
1,91,64,92,65,27.95
1,91,65,92,66,26.75
1,91,85,90,85,15.48
1,91,104,90,105,9.72
1,91,105,90,106,11.11
1,91,106,91,107,12.13
1,91,113,90,114,16.57
1,91,119,92,118,14.62
1,91,121,92,121,12.13
1,92,32,91,33,40.65
1,92,33,91,34,40.23
1,92,34,91,35,39.56
1,92,43,91,44,31.12
1,92,51,91,51,24.27
1,92,56,93,57,21.66
1,92,57,93,58,21.41
1,92,58,93,59,22.57
1,92,59,93,60,23.91
1,92,60,93,61,24.17
1,92,61,93,62,24.08
1,92,62,93,63,24.64
1,92,73,91,74,15.99
1,92,74,91,74,19.30
1,92,86,91,86,15.12
1,92,92,92,93,9.16
1,92,96,92,97,7.05
1,93,35,92,36,37.40
1,93,37,92,38,23.81
1,93,40,92,40,29.68
1,93,42,92,42,34.34
1,93,49,92,49,31.33
1,93,50,92,49,24.81
1,93,53,93,54,16.91
1,93,56,94,57,20.98
1,93,76,93,77,23.15
1,93,84,92,84,12.92
1,93,100,92,101,6.40
1,93,103,93,104,6.94
1,93,107,93,108,10.35
1,93,110,93,111,16.55
1,93,123,94,123,5.78
1,94,33,94,34,34.10
1,94,43,93,44,28.84
1,94,47,93,47,34.72
1,94,48,93,48,31.24
1,94,52,94,53,21.56
1,94,68,93,69,16.00
1,94,74,95,75,14.02
1,94,76,95,77,23.65
1,94,83,93,83,12.90
1,94,86,93,87,9.30
1,94,92,93,93,9.45
1,94,105,93,106,4.95
1,94,114,93,115,12.01
1,95,34,95,35,30.24
1,95,41,94,41,15.76
1,95,45,94,46,26.04
1,95,46,94,46,26.73
1,95,51,95,52,23.31
1,95,56,96,57,22.94
1,95,69,94,70,17.20
1,95,70,94,71,16.33
1,95,72,95,73,15.44
1,95,84,94,85,13.63
1,95,87,94,88,9.49
1,95,90,94,91,11.69
1,95,107,94,108,6.42
1,95,109,95,110,10.57
1,96,36,95,37,35.41
1,96,38,95,38,33.47
1,96,47,96,48,18.31
1,96,50,96,51,19.69
1,96,67,95,67,16.82
1,96,71,96,72,20.46
1,96,75,97,76,24.82
1,96,80,95,79,15.36
1,96,82,95,82,16.89
1,96,85,95,86,11.71
1,96,88,95,89,9.17
1,96,109,96,110,8.61
1,96,113,95,114,11.48
1,96,115,96,116,13.83
1,97,36,96,37,29.69
1,97,37,96,37,37.83
1,97,39,96,39,34.35
1,97,48,97,49,22.38
1,97,52,97,53,22.55
1,97,65,96,66,13.64
1,97,68,97,69,14.95
1,97,72,98,73,23.67
1,97,74,98,75,22.38
1,97,81,96,81,14.48
1,97,111,97,112,10.76
1,97,122,98,122,9.36
1,97,123,98,123,8.45
1,98,39,97,40,36.42
1,98,40,97,41,33.80
1,98,66,98,67,13.23
1,98,113,99,114,9.93
1,98,115,98,116,14.36
1,98,120,98,121,9.72
1,98,125,99,125,3.00
1,99,40,98,41,35.56
1,99,41,98,42,31.94
1,99,43,99,44,27.39
1,99,61,98,62,17.04
1,99,62,98,63,15.62
1,99,64,99,65,15.11
1,99,69,100,70,24.29
1,99,70,100,71,27.00
1,99,71,99,72,26.95
1,99,81,98,82,13.51
1,99,83,98,84,7.87
1,100,41,99,42,32.37
1,100,44,100,45,28.71
1,100,55,99,56,24.37
1,100,63,100,64,17.74
1,100,68,101,69,25.30
1,100,119,100,120,10.71
1,101,42,101,43,29.39
1,101,55,100,56,26.19
1,101,60,101,61,17.39
1,101,78,100,78,15.79
1,101,121,101,122,7.24
1,102,42,101,43,24.02
1,102,43,102,44,29.88
1,102,53,101,53,25.48
1,102,57,101,58,24.17
1,102,59,102,60,21.98
1,102,77,101,77,15.85
1,102,122,102,123,6.05
1,103,45,102,46,28.57
1,103,52,102,52,23.76
1,103,54,102,55,25.62
1,103,55,102,56,27.04
1,103,58,103,59,24.28
1,103,72,102,72,28.19
1,103,73,102,73,25.81
1,103,76,102,76,17.50
1,103,124,104,125,6.22
1,104,45,103,46,30.51
1,104,46,103,47,31.09
1,104,56,104,57,27.82
1,104,71,103,71,28.78
1,104,123,104,124,3.61
1,105,46,104,47,30.69
1,105,47,104,48,33.07
1,105,49,104,50,29.18
1,105,50,104,51,25.41
1,105,52,105,53,19.03
1,105,56,105,57,28.23
1,105,75,104,75,18.09
1,106,47,105,48,27.25
1,106,51,106,52,25.78
1,106,55,106,56,23.99
1,107,48,107,49,27.09
1,107,74,106,74,18.89
1,108,48,108,49,27.78
1,109,48,109,49,25.18
1,109,73,108,73,20.25
1,110,49,110,50,28.62
1,111,71,110,71,30.79
1,112,50,111,51,28.68
1,112,51,111,52,29.89
1,112,52,111,53,29.29
1,113,52,112,53,28.39
1,113,53,112,54,28.85
1,113,69,112,69,35.74
1,113,71,112,72,29.82
1,114,53,113,54,26.58
1,114,54,113,55,29.74
1,114,55,113,56,31.56
1,115,55,114,56,30.71
1,115,70,114,70,32.78
1,116,56,115,56,29.09
1,116,69,115,69,27.78
1,117,57,116,57,24.20
1,117,62,116,62,28.97
1,117,63,116,63,28.51
1,117,64,116,64,28.47
1,117,65,116,65,28.26
1,117,66,116,66,27.30
1,117,67,116,67,25.84
1,117,68,116,68,23.62
1,118,58,117,58,25.53
1,118,59,117,59,30.38
1,118,60,117,60,30.02
1,118,61,117,61,25.19
2,50,79,50,80,20.09
2,50,85,51,85,5.87
2,51,79,51,80,25.92
2,51,89,52,90,2.62
2,52,77,52,78,22.02
2,52,86,53,86,12.68
2,53,72,52,73,25.81
2,53,75,53,76,28.55
2,53,81,53,82,16.00
2,53,87,54,87,15.03
2,54,73,54,74,27.35
2,54,88,55,88,14.66
2,54,95,55,96,4.17
2,55,71,55,72,32.48
2,55,75,54,76,30.45
2,55,76,54,77,31.01
2,55,77,54,78,29.48
2,55,79,54,80,29.55
2,55,94,56,95,9.45
2,55,98,56,99,7.50
2,56,72,55,73,35.08
2,56,83,56,84,19.86
2,56,87,56,88,10.50
2,56,90,57,89,15.17
2,56,93,57,94,12.19
2,57,68,56,69,33.17
2,57,80,57,81,30.44
2,57,97,58,98,14.45
2,58,63,59,64,32.47
2,58,82,58,83,23.78
2,58,88,59,89,8.83
2,58,94,59,95,13.47
2,58,96,59,97,15.67
2,58,102,59,103,6.82
2,59,66,60,67,35.59
2,59,67,60,68,35.98
2,59,73,60,74,35.95
2,59,77,60,78,26.29
2,59,78,60,79,24.53
2,59,86,60,87,12.19
2,59,104,60,105,4.99
2,60,57,61,57,33.67
2,60,61,60,62,37.09
2,60,69,61,70,36.88
2,60,73,61,74,36.37
2,60,75,61,76,33.74
2,60,76,61,77,31.81
2,60,80,61,81,29.13
2,60,81,61,82,27.61
2,60,90,61,90,13.46
2,60,102,61,103,6.73
2,61,58,62,58,33.82
2,61,62,61,63,38.76
2,61,71,62,72,35.20
2,61,72,62,73,36.13
2,61,78,62,79,21.83
2,61,95,62,96,16.66
2,61,96,62,97,11.88
2,62,63,62,64,40.30
2,63,57,64,58,35.21
2,63,59,64,59,35.72
2,63,64,63,65,37.58
2,63,92,64,92,24.00
2,64,56,64,57,34.31
2,64,60,65,60,35.24
2,64,65,64,66,35.46
2,64,93,65,93,21.02
2,65,61,66,61,33.40
2,65,66,65,67,35.22
2,65,102,66,103,5.60
2,66,62,67,62,32.05
2,66,66,66,67,34.73
2,66,77,65,78,19.54
2,66,95,67,95,17.87
2,66,106,67,106,4.10
2,66,109,67,110,0.89
2,67,55,67,56,37.89
2,67,63,68,63,34.23
2,67,67,67,68,37.68
2,67,82,66,83,22.51
2,67,88,67,89,16.85
2,68,54,68,55,36.91
2,68,68,68,69,38.12
2,68,87,68,88,19.26
2,68,98,69,98,20.69
2,68,106,69,106,7.32
2,69,56,69,57,34.21
2,69,74,68,75,33.64
2,69,75,68,76,32.98
2,69,76,68,77,30.44
2,69,77,68,78,27.94
2,69,78,68,79,26.22
2,69,79,68,80,23.73
2,69,80,68,80,19.16
2,69,84,70,85,20.16
2,69,87,69,88,19.52
2,69,103,70,103,7.82
2,69,107,70,106,8.32
2,69,108,70,107,4.67
2,70,52,71,53,27.68
2,70,58,70,59,36.30
2,70,92,70,93,13.30
2,71,55,72,56,34.14
2,71,61,71,62,34.63
2,71,66,72,65,35.31
2,71,81,71,82,22.68
2,71,89,71,90,15.52
2,71,107,72,106,10.71
2,72,55,73,56,33.99
2,72,57,73,58,30.98
2,72,63,73,64,34.16
2,72,66,73,65,34.01
2,72,85,73,86,26.37
2,72,87,73,87,22.30
2,72,107,73,106,10.76
2,73,47,74,47,11.46
2,73,54,74,55,31.93
2,73,73,74,74,36.26
2,73,74,74,74,35.67
2,73,81,74,82,24.11
2,73,84,73,85,33.38
2,73,89,74,89,15.63
2,73,108,74,107,10.09
2,74,51,75,52,30.27
2,74,52,75,53,32.71
2,74,54,75,55,31.01
2,74,61,74,62,35.13
2,74,72,75,73,38.60
2,74,73,75,74,36.36
2,74,78,75,78,31.46
2,74,80,75,81,25.96
2,74,85,74,86,30.25
2,74,88,75,88,17.42
2,74,92,75,93,10.30
2,74,93,74,94,13.00
2,74,97,74,98,15.77
2,74,108,75,107,10.38
2,75,51,76,52,32.07
2,75,62,75,63,34.82
2,75,67,76,67,37.40
2,75,68,76,68,35.92
2,75,72,76,73,39.62
2,75,82,76,83,30.30
2,75,91,76,91,14.97
2,75,99,76,100,15.31
2,75,102,76,102,21.83
2,75,108,76,107,10.45
2,75,110,76,109,9.15
2,76,45,77,45,15.65
2,76,51,77,52,32.60
2,76,60,77,61,30.06
2,76,63,76,64,36.40
2,76,77,77,77,32.63
2,76,79,77,79,29.09
2,76,90,77,90,20.55
2,76,112,77,111,4.92
2,77,46,78,46,18.27
2,77,64,77,65,35.20
2,77,73,78,74,35.05
2,77,80,78,80,25.23
2,77,86,78,87,21.39
2,77,92,78,92,18.53
2,77,109,78,108,8.24
2,78,44,79,44,13.16
2,78,52,79,53,30.47
2,78,61,79,62,28.18
2,78,65,78,66,30.59
2,78,69,79,69,32.72
2,78,73,79,74,33.00
2,78,83,79,84,30.60
2,78,95,79,95,24.13
2,78,106,79,105,22.54
2,78,109,79,108,10.38
2,79,61,80,62,28.20
2,79,67,79,68,29.41
2,79,72,80,73,31.73
2,79,83,80,84,26.30
2,79,98,80,98,10.83
2,79,102,78,103,17.48
2,79,110,80,109,11.86
2,79,114,80,114,10.50
2,80,42,81,42,16.35
2,80,43,81,43,18.12
2,80,51,81,52,32.44
2,80,61,81,62,27.83
2,80,94,80,95,10.12
2,80,110,81,109,12.69
2,80,116,81,117,11.60
2,81,41,82,41,17.96
2,81,47,82,48,32.43
2,81,66,81,67,23.98
2,81,82,81,83,12.65
2,81,99,82,99,15.52
2,81,110,82,109,10.88
2,82,46,83,47,33.78
2,82,53,83,53,29.12
2,82,73,81,74,23.06
2,82,79,82,80,23.30
2,82,85,82,86,10.75
2,82,93,82,94,8.76
2,82,110,83,109,13.16
2,82,114,83,115,13.76
2,83,46,84,46,33.29
2,83,54,84,54,25.68
2,83,77,83,78,20.26
2,83,87,83,88,11.66
2,83,101,84,101,18.62
2,83,102,84,102,19.05
2,83,112,84,112,14.64
2,84,33,85,34,19.44
2,84,35,85,36,27.72
2,84,38,85,39,31.83
2,84,45,85,45,32.12
2,84,68,83,69,15.02
2,84,75,85,76,18.74
2,84,88,84,89,10.78
2,84,109,85,108,27.57
2,84,118,85,118,8.69
2,85,29,86,30,14.95
2,85,37,86,38,32.08
2,85,38,86,39,30.59
2,85,44,86,45,31.93
2,85,51,86,52,21.60
2,85,58,86,59,16.11
2,85,69,84,69,11.29
2,85,73,86,74,20.07
2,85,109,86,108,31.67
2,85,114,86,114,13.40
2,86,36,87,37,33.74
2,86,49,87,50,20.93
2,86,72,87,73,23.66
2,86,76,86,77,28.03
2,86,84,86,85,11.79
2,86,113,87,112,20.44
2,87,26,87,27,29.54
2,87,34,87,35,32.23
2,87,48,88,49,22.26
2,87,56,88,57,9.27
2,87,85,87,86,9.36
2,87,91,86,92,14.63
2,88,27,88,28,29.34
2,88,48,88,49,22.91
2,88,71,88,72,25.29
2,88,85,89,86,8.42
2,88,97,87,98,12.65
2,88,101,87,102,13.39
2,88,102,87,103,13.84
2,88,103,87,104,16.99
2,88,120,89,121,16.47
2,89,37,89,38,24.28
2,89,52,88,53,15.74
2,89,53,88,54,22.14
2,89,54,88,54,26.31
2,89,70,90,71,24.40
2,89,71,90,72,23.32
2,89,74,89,75,18.74
2,89,81,90,82,15.55
2,89,95,88,96,8.43
2,89,98,88,99,10.54
2,89,99,88,100,10.46
2,89,104,88,105,13.99
2,90,32,89,33,43.03
2,90,36,90,37,31.27
2,90,68,91,69,26.06
2,90,69,91,70,25.82
2,90,70,91,71,24.73
2,90,105,89,106,12.50
2,90,106,89,107,13.40
2,91,66,92,67,25.49
2,91,67,92,68,25.98
2,91,68,92,69,26.30
2,91,77,91,78,21.37
2,91,86,90,86,14.23
2,91,107,90,108,13.27
2,92,36,91,37,32.88
2,92,38,91,39,27.32
2,92,42,91,42,30.91
2,92,63,93,64,26.05
2,92,64,93,65,26.47
2,92,65,93,66,24.56
2,92,66,93,67,23.93
2,92,84,91,84,17.52
2,92,93,91,94,6.85
2,92,97,91,98,6.35
2,92,121,93,121,7.99
2,93,44,92,45,35.88
2,93,48,92,48,32.49
2,93,57,94,58,20.66
2,93,58,94,59,21.22
2,93,59,94,60,21.45
2,93,60,94,61,20.68
2,93,61,94,62,20.47
2,93,62,94,63,21.64
2,93,63,93,64,22.66
2,93,77,93,78,21.35
2,93,83,92,82,14.97
2,93,87,92,88,13.31
2,93,104,93,105,6.59
2,94,34,94,35,37.24
2,94,41,93,41,22.68
2,94,53,94,54,19.28
2,94,57,95,58,20.25
2,94,70,93,70,17.90
2,94,71,93,72,14.42
2,94,85,93,86,9.13
2,94,88,93,89,12.55
2,94,108,93,109,10.91
2,94,123,95,123,5.16
2,95,37,94,38,28.17
2,95,52,95,53,23.25
2,95,67,94,67,20.54
2,95,73,95,74,14.62
2,95,77,95,78,23.78
2,95,82,94,82,15.93
2,95,86,94,87,8.43
2,95,89,94,90,11.71
2,95,110,94,111,13.07
2,95,114,95,115,11.26
2,96,39,95,39,28.55
2,96,48,97,49,19.73
2,96,51,96,52,23.14
2,96,57,96,58,21.28
2,96,66,95,66,18.17
2,96,72,97,73,20.05
2,96,81,95,81,16.16
2,96,110,96,111,10.28
2,96,116,95,117,13.62
2,97,40,96,40,28.36
2,97,41,96,42,22.25
2,97,53,97,54,22.08
2,97,69,97,70,16.61
2,97,112,97,113,10.63
2,98,41,97,42,27.98
2,98,42,97,43,23.31
2,98,62,97,63,13.84
2,98,63,97,64,13.60
2,98,67,99,68,15.71
2,98,73,98,74,23.32
2,98,79,97,79,21.39
2,98,82,98,83,11.04
2,98,84,97,85,16.62
2,98,116,98,117,13.99
2,98,122,99,122,5.76
2,98,123,99,123,5.63
2,99,42,98,43,28.15
2,99,44,99,45,26.54
2,99,56,98,56,23.17
2,99,65,99,66,15.00
2,99,72,99,73,24.70
2,99,114,99,115,5.95
2,99,125,100,124,2.39
2,100,56,99,57,24.08
2,100,64,100,65,18.40
2,100,70,100,71,26.70
2,100,120,100,121,9.05
2,101,58,100,59,20.69
2,101,61,101,62,15.46
2,101,69,101,70,25.77
2,101,77,100,77,19.11
2,101,122,101,123,6.43
2,102,44,102,45,29.92
2,102,46,101,47,24.69
2,102,55,101,56,27.06
2,102,56,101,57,26.56
2,102,60,102,61,20.42
2,102,72,101,72,23.71
2,102,73,101,73,25.10
2,102,76,101,76,19.09
2,102,123,102,124,7.12
2,103,44,102,45,30.48
2,103,46,102,47,27.23
2,103,47,102,48,27.59
2,103,59,103,60,24.43
2,103,71,102,71,26.20
2,104,47,103,48,31.78
2,104,48,103,49,31.36
2,104,50,103,51,27.24
2,104,51,103,51,24.47
2,104,57,104,58,27.03
2,104,75,103,75,20.27
2,104,124,104,125,5.58
2,105,48,104,49,32.40
2,105,53,106,54,13.70
2,105,57,105,58,27.50
2,106,52,106,53,24.11
2,106,56,106,57,27.40
2,106,74,105,74,18.26
2,107,49,107,50,26.96
2,108,49,108,50,27.80
2,108,73,107,73,20.26
2,109,49,109,50,28.12
2,110,50,110,51,27.35
2,110,71,109,71,26.86
2,111,49,111,50,28.53
2,112,53,111,54,27.82
2,112,54,111,55,27.11
2,112,69,111,69,33.97
2,112,72,111,72,17.57
2,113,54,112,55,30.01
2,113,55,112,56,30.13
2,113,56,112,57,27.72
2,114,56,113,57,31.37
2,115,69,114,70,32.61
2,116,62,115,62,32.40
2,116,63,115,63,32.68
2,116,64,115,64,33.25
2,116,65,115,65,33.16
2,116,66,115,66,32.08
2,116,67,115,67,30.54
2,116,68,115,68,29.39
2,117,58,116,58,29.65
2,117,59,116,59,29.98
2,117,60,116,60,30.29
2,117,61,116,61,29.78
3,50,80,50,81,16.32
3,50,84,51,85,6.97
3,51,80,51,81,21.35
3,52,73,52,74,11.22
3,52,78,52,79,24.98
3,52,90,53,91,4.73
3,53,82,53,83,13.64
3,54,74,54,75,26.99
3,54,87,55,88,11.76
3,54,89,55,89,16.12
3,55,81,55,82,22.69
3,55,96,56,97,9.56
3,56,84,56,85,16.17
3,56,95,57,96,10.77
3,57,81,57,82,26.21
3,57,94,58,95,10.65
3,58,83,58,84,24.73
3,58,90,59,89,11.51
3,58,98,59,99,11.39
3,59,60,59,61,39.46
3,59,95,60,96,17.76
3,59,97,60,98,11.87
3,59,103,60,104,6.31
3,60,68,61,69,36.85
3,60,74,61,75,34.08
3,60,78,61,79,23.15
3,60,79,61,80,24.56
3,60,84,60,85,20.69
3,60,87,61,88,8.27
3,60,105,61,106,4.82
3,61,63,61,64,40.15
3,61,70,62,71,33.88
3,61,77,62,78,25.31
3,61,81,62,82,27.09
3,61,82,61,83,22.54
3,61,103,62,104,6.33
3,62,58,63,58,33.39
3,62,64,62,65,38.63
3,62,72,63,73,33.78
3,62,73,63,74,32.43
3,62,79,63,80,22.29
3,62,94,63,94,21.07
3,62,96,63,97,12.49
3,62,97,63,98,11.16
3,63,65,63,66,36.88
3,64,66,64,67,36.37
3,64,92,65,92,19.96
3,64,96,65,96,14.01
3,65,67,65,68,36.86
3,65,93,66,93,20.22
3,66,55,66,56,37.23
3,66,61,67,61,29.71
3,66,67,66,68,37.02
3,66,100,67,100,6.92
3,66,103,67,104,6.26
3,66,104,67,104,5.32
3,67,56,67,57,36.51
3,67,62,68,62,34.73
3,67,68,67,69,37.97
3,67,85,66,86,14.91
3,67,89,67,90,16.88
3,67,110,68,110,1.94
3,68,55,68,56,38.00
3,68,63,69,63,36.44
3,68,69,68,70,35.61
3,68,77,67,78,21.72
3,68,78,67,79,21.99
3,68,79,67,79,21.88
3,68,88,68,89,17.03
3,68,112,69,112,1.07
3,69,57,69,58,35.02
3,69,64,70,64,36.61
3,69,69,68,70,37.38
3,69,88,69,89,16.73
3,70,59,70,60,37.53
3,70,85,71,85,19.35
3,70,93,70,94,12.23
3,70,103,71,104,8.05
3,70,107,71,106,10.30
3,71,51,72,51,26.80
3,71,53,72,54,35.61
3,71,62,71,63,34.60
3,72,56,73,57,32.05
3,72,59,73,60,38.58
3,72,65,73,64,35.33
3,72,99,73,99,16.55
3,72,106,73,105,11.79
3,73,56,74,57,31.14
3,73,58,73,59,29.96
3,73,65,74,65,29.06
3,73,87,74,87,20.79
3,73,94,73,95,15.03
3,73,106,74,105,12.51
3,74,55,75,56,31.15
3,74,82,75,83,28.29
3,74,89,75,89,15.63
3,74,94,75,95,13.74
3,74,101,75,101,19.69
3,74,107,75,106,12.22
3,75,52,76,53,32.48
3,75,53,76,54,31.01
3,75,55,76,56,32.70
3,75,63,75,64,35.45
3,75,73,76,74,38.54
3,75,74,76,75,38.15
3,75,78,76,78,32.79
3,75,81,76,82,24.50
3,75,88,76,88,18.75
3,75,93,75,94,12.38
3,75,107,76,106,13.27
3,76,49,77,50,29.52
3,76,52,77,53,31.37
3,76,64,76,65,37.22
3,76,67,77,67,35.87
3,76,68,77,68,36.94
3,76,73,77,74,38.66
3,76,83,77,84,34.60
3,76,87,77,88,16.82
3,76,91,77,91,19.50
3,76,107,77,106,13.87
3,77,45,78,45,15.37
3,77,52,78,53,30.21
3,77,61,78,62,29.09
3,77,65,77,66,31.75
3,77,79,78,79,24.92
3,77,90,78,90,16.71
3,77,111,78,110,8.09
3,78,46,79,47,21.45
3,78,66,78,67,30.59
3,78,74,79,75,31.72
3,78,80,79,80,26.69
3,78,87,79,88,14.54
3,78,92,79,92,18.04
3,78,94,79,94,25.08
3,78,108,79,107,12.60
3,79,44,80,45,17.57
3,79,53,80,54,31.17
3,79,62,80,63,28.67
3,79,74,80,75,30.14
3,79,84,79,85,22.25
3,79,95,80,96,16.74
3,79,105,80,105,23.86
3,79,108,80,107,14.59
3,80,62,81,63,28.19
3,80,73,81,74,24.01
3,80,109,81,108,13.48
3,81,42,82,42,17.29
3,81,43,82,44,19.34
3,81,62,82,63,27.37
3,81,83,81,84,13.87
3,81,109,82,108,13.06
3,81,117,82,117,10.59
3,82,48,83,48,31.41
3,82,80,82,81,20.37
3,82,86,82,87,10.57
3,82,94,82,95,9.19
3,82,109,83,108,17.05
3,83,47,84,48,31.88
3,83,53,84,53,26.91
3,83,78,83,79,23.20
3,83,88,83,89,10.98
3,83,109,84,108,23.37
3,83,115,84,115,15.76
3,84,54,85,55,21.54
3,84,69,83,70,20.42
3,84,89,84,90,9.92
3,84,102,85,103,11.82
3,84,112,85,111,19.08
3,85,34,86,35,30.76
3,85,36,86,37,33.51
3,85,80,85,81,21.44
3,85,108,86,108,31.17
3,85,118,86,119,7.90
3,86,38,87,39,26.23
3,86,44,87,45,24.23
3,86,66,85,66,16.01
3,86,74,87,75,23.18
3,86,85,86,86,9.70
3,86,114,87,113,13.68
3,87,27,87,28,31.21
3,87,50,88,51,16.48
3,87,73,87,74,23.78
3,87,86,87,87,9.68
3,87,98,86,99,12.93
3,87,102,86,103,17.15
3,87,103,86,104,21.50
3,87,104,86,105,21.96
3,87,112,88,112,35.74
3,88,28,88,29,34.33
3,88,96,87,97,11.66
3,88,99,87,100,12.94
3,88,100,87,101,13.88
3,88,105,87,105,19.97
3,88,114,89,114,37.66
3,89,30,89,31,33.67
3,89,38,89,39,18.87
3,89,75,89,76,22.61
3,89,83,89,84,16.06
3,89,106,88,107,15.67
3,89,107,88,108,17.24
3,90,37,90,38,26.57
3,90,71,91,72,22.85
3,90,72,91,73,22.75
3,90,86,89,86,15.17
3,90,118,91,118,25.89
3,91,31,91,32,42.35
3,91,42,90,43,18.79
3,91,44,91,45,17.83
3,91,51,90,51,25.78
3,91,69,92,70,25.71
3,91,70,92,71,24.18
3,91,71,92,72,22.29
3,91,84,90,85,14.59
3,91,94,91,95,7.16
3,91,98,91,99,9.16
3,92,40,91,41,33.24
3,92,45,91,46,29.53
3,92,48,91,48,23.77
3,92,67,93,68,25.56
3,92,68,93,69,25.95
3,92,69,92,70,22.66
3,92,88,91,89,12.08
3,93,54,93,55,19.64
3,93,65,94,66,21.19
3,93,66,94,67,21.19
3,93,67,93,68,20.67
3,93,78,94,79,20.29
3,93,86,92,87,12.33
3,93,89,92,90,11.64
3,93,105,93,106,7.20
3,93,108,92,109,12.36
3,93,109,92,110,14.67
3,93,111,93,112,14.12
3,93,121,94,120,8.04
3,94,35,94,36,35.91
3,94,54,94,55,19.87
3,94,58,95,59,19.90
3,94,59,95,60,19.63
3,94,60,95,61,19.35
3,94,61,95,62,19.26
3,94,62,95,63,19.89
3,94,63,95,64,20.81
3,94,82,93,81,15.52
3,94,87,93,88,11.35
3,94,90,94,91,12.87
3,94,111,94,112,16.18
3,95,35,95,36,35.27
3,95,39,94,40,19.98
3,95,53,96,54,20.48
3,95,58,96,59,20.08
3,95,66,94,67,18.91
3,95,74,95,75,16.66
3,95,81,94,80,16.97
3,95,115,94,116,13.86
3,95,117,95,118,16.65
3,95,123,96,124,7.31
3,96,40,95,40,22.64
3,96,42,95,43,15.94
3,96,52,96,53,23.40
3,96,111,95,112,13.86
3,97,42,96,43,18.96
3,97,43,97,44,17.93
3,97,54,97,55,23.28
3,97,63,96,64,15.32
3,97,64,96,65,14.66
3,97,70,98,71,19.60
3,97,73,98,74,20.22
3,97,113,97,114,11.18
3,98,43,98,44,22.69
3,98,83,97,84,14.83
3,98,117,98,118,11.78
3,99,45,99,46,24.13
3,99,57,98,58,21.02
3,99,66,100,67,15.67
3,99,68,100,69,21.93
3,99,115,99,116,10.39
3,99,123,100,123,5.59
3,100,59,99,60,18.78
3,100,65,100,66,17.57
3,100,77,99,77,18.24
3,100,78,99,78,17.83
3,100,121,100,122,8.69
3,101,47,101,48,25.03
3,101,56,100,57,25.44
3,101,57,100,58,22.98
3,101,62,101,63,16.36
3,101,72,100,73,14.37
3,101,73,100,73,21.67
3,101,76,100,76,19.07
3,102,47,101,48,25.13
3,102,48,101,49,24.86
3,102,61,102,62,17.03
3,102,71,101,71,15.36
3,103,48,102,49,27.40
3,103,49,102,50,25.74
3,103,60,103,61,22.12
3,103,75,102,75,22.35
3,104,49,103,50,29.18
3,104,58,104,59,26.18
3,105,58,105,59,26.74
3,105,74,104,74,19.60
3,106,53,107,54,18.63
3,106,54,107,55,18.09
3,106,57,106,58,26.76
3,107,50,107,51,26.60
3,107,73,106,73,20.45
3,108,50,108,51,27.01
3,109,50,109,51,27.12
3,109,71,108,71,24.59
3,110,51,110,52,27.89
3,111,69,110,69,33.57
3,111,72,110,72,26.54
3,112,55,112,56,25.61
3,112,57,111,58,20.55
3,115,56,114,57,31.78
3,115,62,114,62,32.27
3,115,63,114,63,33.12
3,115,64,114,64,34.24
3,115,65,114,65,34.44
3,115,66,114,66,33.62
3,115,67,114,67,32.67
3,115,68,114,68,32.11
3,116,57,115,57,30.01
3,116,58,115,58,30.60
3,116,59,115,59,31.03
3,116,60,115,60,31.75
3,116,61,115,61,32.19
4,50,81,50,82,13.78
4,51,81,51,82,16.90
4,52,74,52,75,19.75
4,52,79,52,80,25.62
4,53,83,53,84,13.11
4,53,91,54,90,3.53
4,55,82,55,83,19.18
4,56,69,56,70,32.93
4,56,97,57,98,14.43
4,56,99,57,100,11.17
4,57,82,57,83,23.16
4,57,96,58,97,14.99
4,58,95,59,96,15.32
4,59,64,60,65,40.24
4,59,99,60,100,9.15
4,60,85,60,86,14.27
4,60,96,61,97,13.62
4,60,98,61,99,10.34
4,60,104,61,105,6.64
4,61,69,62,70,33.87
4,61,75,61,76,33.29
4,61,79,62,80,22.25
4,61,80,62,81,27.71
4,61,88,62,88,9.33
4,61,106,62,106,2.93
4,62,65,62,66,35.37
4,62,71,63,72,33.32
4,62,78,63,79,20.80
4,62,82,63,83,23.55
4,62,104,63,105,6.68
4,63,66,63,67,37.06
4,63,73,64,74,32.31
4,63,74,64,75,30.06
4,63,80,63,81,27.58
4,63,94,64,94,18.73
4,63,97,64,98,12.18
4,63,98,64,98,10.90
4,64,67,64,68,37.97
4,65,68,65,69,36.82
4,65,92,66,92,18.45
4,65,96,66,97,11.27
4,66,68,66,69,37.37
4,66,86,65,86,24.53
4,67,69,67,70,35.31
4,67,78,67,79,20.21
4,67,90,66,91,17.94
4,67,95,68,96,16.42
4,67,100,68,100,7.32
4,67,106,68,105,3.95
4,68,56,68,57,36.37
4,68,62,69,62,32.79
4,68,89,68,90,16.45
4,68,110,69,110,1.98
4,69,63,70,63,33.65
4,69,72,68,73,36.01
4,69,89,69,90,15.71
4,69,98,70,98,17.55
4,69,106,70,106,9.44
4,69,112,70,112,1.34
4,70,60,70,61,36.12
4,70,94,70,95,13.35
4,71,90,71,91,15.51
4,71,106,72,105,10.91
4,72,54,73,55,35.38
4,73,57,74,57,29.27
4,73,59,73,60,36.45
4,73,69,74,70,34.53
4,73,95,73,96,15.90
4,74,47,75,47,13.54
4,74,77,75,77,33.43
4,74,87,75,87,18.18
4,75,56,76,57,32.45
4,75,64,75,65,35.73
4,75,83,76,84,34.90
4,75,89,76,89,19.64
4,75,94,76,95,13.15
4,75,95,76,96,12.70
4,75,101,76,101,19.39
4,75,106,76,105,15.01
4,76,53,77,54,29.37
4,76,54,77,55,31.07
4,76,56,77,57,32.33
4,76,65,77,66,27.87
4,76,74,77,75,38.53
4,76,82,77,83,31.70
4,76,102,77,102,18.60
4,76,106,77,105,15.87
4,77,50,78,50,32.35
4,77,53,78,54,28.09
4,77,68,78,68,33.46
4,77,74,78,75,33.65
4,77,77,78,77,30.05
4,77,84,78,85,29.28
4,77,88,78,89,13.28
4,77,91,78,91,18.69
4,77,106,78,105,17.87
4,78,45,79,46,17.03
4,78,53,79,54,28.69
4,78,62,79,63,29.38
4,78,79,79,79,25.48
4,78,110,79,109,9.35
4,79,47,80,48,34.29
4,79,75,79,76,29.89
4,79,80,80,81,27.06
4,79,94,80,95,18.05
4,79,107,80,106,19.74
4,80,45,81,46,27.47
4,80,54,81,55,31.68
4,80,63,81,64,29.99
4,80,114,81,115,12.55
4,81,63,82,64,29.36
4,81,67,81,68,22.58
4,81,84,81,85,12.37
4,81,108,82,107,15.46
4,82,41,83,41,18.02
4,82,42,83,43,17.52
4,82,44,83,45,31.36
4,82,63,83,64,26.22
4,82,81,83,82,16.93
4,82,87,82,88,12.01
4,82,99,83,99,16.15
4,82,108,83,107,19.60
4,82,117,83,117,10.46
4,83,40,84,40,24.98
4,83,79,83,80,24.90
4,83,108,84,107,23.52
4,84,39,85,39,30.87
4,84,48,85,49,25.71
4,84,53,85,53,23.22
4,84,90,84,91,8.77
4,84,108,85,107,28.33
4,85,55,86,56,17.16
4,85,76,86,77,27.95
4,86,30,86,31,27.71
4,86,35,87,36,35.62
4,86,37,87,38,29.78
4,86,86,86,87,10.35
4,86,99,85,99,13.02
4,86,119,87,120,11.43
4,87,28,87,29,34.24
4,87,39,88,40,16.93
4,87,97,86,98,12.36
4,87,100,86,101,13.96
4,87,101,86,102,14.36
4,87,113,88,112,30.13
4,88,107,87,108,19.89
4,88,108,87,108,19.22
4,89,31,89,32,38.66
4,89,39,89,40,13.46
4,89,76,88,77,20.37
4,90,51,89,51,20.73
4,90,108,89,109,17.22
4,91,72,91,73,19.64
4,91,89,90,90,11.15
4,91,99,91,100,9.44
4,91,118,92,118,15.43
4,92,49,91,49,28.75
4,92,87,91,88,13.74
4,92,90,91,91,10.70
4,92,109,92,110,16.69
4,93,72,92,72,16.15
4,93,88,92,89,12.76
4,93,112,92,113,11.37
4,94,36,94,37,32.51
4,94,46,93,47,34.52
4,94,55,94,56,21.87
4,94,112,94,113,12.80
4,94,116,94,117,17.52
4,94,120,95,120,12.68
4,95,40,94,40,17.73
4,95,43,94,44,19.14
4,95,59,96,60,19.94
4,95,60,95,61,17.88
4,95,78,95,79,16.92
4,96,37,95,38,34.96
4,96,43,95,44,15.08
4,96,53,96,54,22.06
4,96,64,95,64,19.77
4,96,65,95,65,19.45
4,96,124,97,124,6.21
4,97,44,97,45,16.96
4,97,55,97,56,22.80
4,97,79,96,78,17.56
4,97,114,97,115,11.74
4,98,44,98,45,22.07
4,98,58,97,58,18.70
4,98,71,98,72,26.46
4,99,46,99,47,22.96
4,99,60,98,61,17.91
4,99,77,98,77,20.95
4,99,116,99,117,10.22
4,100,57,99,58,22.66
4,100,58,99,59,21.07
4,100,66,101,67,18.36
4,100,67,101,68,22.30
4,100,69,101,70,26.51
4,100,76,99,76,18.06
4,101,43,101,44,29.68
4,101,49,100,50,22.62
4,101,63,101,64,19.88
4,102,49,101,50,23.60
4,102,50,101,51,22.72
4,102,62,102,63,17.58
4,102,75,101,75,20.32
4,103,50,102,51,25.16
4,103,61,103,62,18.52
4,104,59,104,60,26.28
4,105,59,105,60,27.56
4,106,58,106,59,26.86
4,106,73,105,73,18.61
4,107,51,107,52,27.50
4,108,51,108,52,27.53
4,108,71,107,70,24.14
4,109,51,109,52,27.59
4,110,52,110,53,26.46
4,110,69,109,69,31.29
4,110,72,109,72,23.59
4,111,50,111,51,28.32
4,111,58,110,59,23.24
4,114,62,113,62,30.76
4,114,63,113,63,33.30
4,114,64,113,64,35.54
4,114,65,113,65,36.26
4,114,66,113,66,36.57
4,114,67,113,67,37.02
4,114,68,113,68,36.99
4,115,57,114,57,31.69
4,115,58,114,58,31.79
4,115,59,114,59,31.59
4,115,60,114,60,31.80
4,115,61,114,61,31.94
5,50,82,51,83,10.47
5,51,82,52,83,13.56
5,52,75,53,76,19.41
5,52,80,52,81,21.72
5,53,84,54,85,10.62
5,54,90,55,89,13.04
5,55,83,55,84,17.58
5,57,83,58,84,22.02
5,57,98,58,99,12.85
5,58,97,59,98,13.29
5,59,61,60,62,36.61
5,59,96,60,97,15.23
5,60,65,60,66,36.82
5,60,100,61,101,7.40
5,61,57,62,57,31.27
5,61,74,62,75,32.37
5,61,97,62,98,10.84
5,61,99,62,100,7.88
5,61,105,62,106,6.43
5,62,70,63,71,31.81
5,62,80,63,81,28.87
5,62,81,63,82,28.71
5,63,67,63,68,38.01
5,63,72,64,73,34.97
5,63,79,64,80,24.88
5,63,105,64,105,4.79
5,64,57,64,58,34.02
5,64,68,64,69,37.62
5,64,74,65,75,28.64
5,64,75,64,76,28.19
5,64,94,65,94,19.01
5,65,69,65,70,36.45
5,66,69,66,70,35.55
5,67,70,67,71,34.06
5,68,57,69,58,34.57
5,68,90,68,91,17.01
5,68,100,69,99,8.25
5,69,90,69,91,17.32
5,69,110,70,110,2.03
5,70,61,70,62,34.77
5,70,64,71,64,35.57
5,70,95,71,96,12.38
5,70,112,71,111,2.07
5,71,82,72,83,26.97
5,71,85,72,86,26.42
5,71,91,71,92,14.61
5,72,51,73,52,28.03
5,73,55,74,56,31.61
5,73,96,73,97,15.92
5,74,70,75,70,34.91
5,74,98,74,99,16.95
5,75,47,76,47,16.67
5,76,84,77,85,31.65
5,76,89,77,89,20.23
5,76,95,77,96,14.29
5,76,96,77,97,12.54
5,76,105,77,104,16.75
5,77,54,78,55,29.16
5,77,55,78,56,30.41
5,77,57,78,58,28.46
5,77,83,78,84,33.05
5,77,105,78,104,19.86
5,78,54,79,55,28.60
5,78,68,79,69,26.96
5,78,75,79,76,30.70
5,78,85,79,86,22.52
5,78,89,79,90,10.78
5,78,91,79,92,14.16
5,78,105,79,104,25.03
5,79,46,80,47,28.82
5,79,54,80,55,30.74
5,79,63,80,64,30.13
5,79,109,80,108,12.40
5,80,98,81,98,11.57
5,80,106,80,105,27.34
5,81,46,82,47,33.34
5,81,52,82,52,31.44
5,81,55,82,56,29.04
5,81,64,82,65,28.79
5,81,68,81,69,23.12
5,81,85,81,86,10.59
5,81,115,82,116,14.94
5,82,64,83,65,25.36
5,82,88,83,89,10.57
5,82,107,83,107,18.69
5,83,41,84,41,22.08
5,83,43,84,44,30.06
5,83,45,84,46,34.69
5,83,64,83,65,21.13
5,83,80,83,81,21.67
5,83,117,84,117,10.55
5,84,40,85,40,28.11
5,84,91,84,92,8.63
5,84,107,85,107,27.72
5,85,49,86,50,22.01
5,85,53,86,54,17.08
5,85,81,85,82,17.55
5,85,111,86,111,29.55
5,86,31,86,32,36.06
5,86,56,87,57,12.86
5,86,59,86,60,7.90
5,86,87,86,88,9.49
5,86,98,85,99,14.75
5,86,101,85,102,15.93
5,86,102,86,103,18.62
5,87,29,87,30,30.68
5,87,35,87,36,33.12
5,87,74,87,75,23.10
5,87,87,87,88,9.48
5,87,120,88,121,12.67
5,88,72,88,73,24.25
5,89,32,89,33,44.84
5,89,40,89,41,14.42
5,89,109,88,110,18.85
5,89,114,90,114,31.92
5,90,90,89,91,8.93
5,91,32,91,33,41.09
5,91,39,91,40,26.17
5,91,45,91,46,18.10
5,91,49,90,49,17.17
5,91,88,90,89,11.76
5,91,91,90,92,9.30
5,91,95,90,96,8.14
5,91,100,91,101,8.35
5,92,89,91,90,10.98
5,92,113,92,114,16.82
5,93,55,94,56,21.22
5,93,81,92,82,11.04
5,94,44,93,45,31.97
5,94,79,93,80,15.75
5,95,36,94,37,33.53
5,95,44,94,45,23.11
5,95,112,94,113,14.34
5,95,118,96,119,13.18
5,97,45,97,46,17.44
5,97,49,97,50,18.93
5,97,56,97,57,20.74
5,97,84,97,85,19.04
5,97,115,97,116,14.46
5,97,124,98,124,6.06
5,98,45,98,46,20.86
5,98,61,97,62,15.53
5,98,72,99,73,26.42
5,98,77,97,77,21.77
5,99,58,98,59,19.66
5,99,59,98,60,18.67
5,99,76,98,76,21.71
5,99,78,98,78,20.46
5,99,117,99,118,11.20
5,100,71,100,72,21.86
5,101,44,100,45,29.32
5,101,50,100,51,21.39
5,101,51,100,52,22.10
5,101,64,101,65,20.75
5,101,75,100,75,19.59
5,102,51,101,52,22.76
5,102,63,102,64,20.96
5,103,62,103,63,19.02
5,104,60,104,61,23.31
5,105,60,105,61,24.56
5,105,73,104,74,19.09
5,106,59,106,60,27.64
5,107,52,107,53,26.11
5,108,52,108,53,26.53
5,109,52,109,53,26.38
5,109,69,108,69,29.53
5,109,72,108,72,22.78
5,110,53,110,54,22.28
5,110,59,110,60,26.82
5,113,62,112,62,35.78
5,113,63,112,63,37.74
5,113,64,112,64,37.83
5,113,65,112,65,37.96
5,113,66,112,66,38.37
5,113,67,112,67,38.49
5,113,68,112,68,37.76
5,114,58,113,58,29.77
5,114,59,113,59,29.06
5,114,60,113,60,29.55
5,114,61,113,61,29.89
5,114,70,113,70,35.09
6,51,83,52,84,11.91
6,52,81,52,82,16.77
6,57,100,58,101,8.75
6,58,99,59,100,10.17
6,59,98,60,99,10.20
6,60,97,61,98,11.26
6,61,83,61,84,21.08
6,61,101,62,102,7.06
6,62,75,62,76,32.51
6,62,98,63,99,9.63
6,62,100,63,101,7.72
6,63,68,63,69,37.27
6,63,71,64,72,31.73
6,64,69,64,70,37.10
6,64,73,65,74,28.10
6,64,105,65,105,4.17
6,65,70,65,71,35.92
6,65,94,66,93,17.21
6,66,56,67,57,36.05
6,66,70,65,71,34.10
6,66,91,66,92,14.57
6,67,71,67,72,34.57
6,68,80,67,81,20.95
6,68,91,68,92,13.98
6,68,105,69,105,7.29
6,69,91,69,92,15.11
6,69,99,70,98,18.85
6,70,62,71,63,30.17
6,70,110,71,109,3.47
6,71,92,71,93,12.81
6,71,96,72,97,14.60
6,73,52,74,53,31.79
6,74,56,75,57,30.96
6,74,74,75,75,35.23
6,76,47,77,47,19.70
6,77,85,78,86,24.37
6,77,96,78,96,17.86
6,77,104,78,104,19.15
6,78,55,79,56,29.67
6,78,56,79,57,28.68
6,78,77,79,78,26.16
6,78,84,79,85,26.94
6,79,55,80,56,30.85
6,80,47,81,48,34.90
6,80,55,81,56,31.18
6,80,64,81,65,30.15
6,80,108,80,107,15.39
6,81,69,80,70,24.24
6,81,86,81,87,10.13
6,82,47,83,48,32.61
6,82,56,83,56,24.84
6,82,65,83,66,21.67
6,83,81,83,82,18.80
6,84,41,85,41,26.77
6,84,44,85,45,36.41
6,84,92,85,93,9.73
6,84,115,85,116,13.93
6,85,40,86,41,24.70
6,85,82,85,83,13.01
6,86,50,87,51,19.49
6,86,54,87,55,12.73
6,86,60,86,61,8.21
6,86,88,87,89,9.41
6,87,30,87,31,29.59
6,87,57,87,58,7.54
6,87,88,87,89,8.78
6,88,29,88,30,32.15
6,88,49,88,50,16.65
6,88,121,89,121,11.83
6,89,41,90,42,13.77
6,89,91,88,92,9.19
6,90,85,89,86,13.14
6,90,89,89,89,10.57
6,90,92,89,93,7.51
6,90,96,89,97,6.35
6,91,90,90,91,10.30
6,91,101,90,102,7.70
6,93,45,92,46,35.45
6,93,64,94,65,22.64
6,93,106,92,107,7.69
6,94,45,93,46,33.24
6,94,91,93,92,11.66
6,94,117,94,118,13.76
6,95,75,95,76,22.61
6,97,46,98,47,18.39
6,97,62,96,63,14.93
6,97,116,97,117,13.67
6,98,46,98,47,20.59
6,98,59,97,60,17.63
6,98,60,97,61,17.11
6,98,76,97,77,15.43
6,98,78,97,77,21.01
6,98,124,99,124,4.74
6,99,118,99,119,13.21
6,100,51,100,52,20.43
6,100,75,99,75,18.93
6,101,52,100,53,22.91
6,101,65,101,66,19.52
6,102,45,101,46,26.91
6,102,64,102,65,22.11
6,103,51,102,52,24.74
6,103,63,103,64,21.69
6,104,61,104,62,19.26
6,105,61,105,62,19.24
6,106,60,106,61,25.13
6,107,53,107,54,21.40
6,108,53,108,54,22.63
6,108,69,107,69,30.49
6,108,72,107,72,22.13
6,109,53,109,54,22.54
6,110,54,110,55,20.15
6,112,62,111,62,38.88
6,112,63,111,63,40.29
6,112,64,111,64,39.57
6,112,65,111,65,38.55
6,112,66,111,66,37.12
6,112,67,111,67,35.85
6,112,68,111,68,35.10
6,113,58,112,59,25.43
6,113,59,112,60,26.39
6,113,60,112,60,29.50
6,113,61,112,61,32.84
6,113,70,112,70,33.15
7,51,85,52,85,9.08
7,52,82,52,83,13.50
7,54,85,54,86,10.58
7,55,88,56,89,11.49
7,56,70,56,71,33.46
7,58,101,59,102,6.82
7,59,100,60,101,7.70
7,60,99,61,100,8.92
7,61,84,61,85,17.09
7,61,98,62,99,9.92
7,62,57,63,58,32.18
7,62,76,63,77,30.43
7,62,102,63,103,7.61
7,63,69,63,70,34.63
7,64,70,64,71,34.67
7,66,97,67,97,11.23
7,67,72,67,73,32.34
7,68,92,67,93,12.88
7,69,92,69,93,12.82
7,69,105,70,105,7.86
7,71,64,72,64,31.27
7,71,93,71,94,12.19
7,71,109,72,108,6.90
7,72,86,73,86,25.13
7,72,97,73,98,16.57
7,74,53,75,54,32.17
7,75,70,76,70,36.15
7,75,75,76,75,36.09
7,75,77,76,78,33.52
7,77,47,78,48,21.72
7,77,97,78,97,14.64
7,78,50,79,50,33.30
7,78,86,79,87,18.76
7,78,96,79,96,18.88
7,79,56,80,57,29.57
7,79,57,80,58,27.52
7,79,78,80,79,20.93
7,80,48,81,49,34.14
7,80,56,81,57,29.36
7,81,48,82,49,31.14
7,81,56,82,57,26.83
7,81,65,82,66,25.46
7,81,87,81,88,11.65
7,81,98,82,98,12.50
7,82,52,83,52,29.82
7,83,66,84,67,16.93
7,85,41,86,42,26.90
7,86,41,87,41,23.76
7,86,111,87,110,33.76
7,87,31,87,32,37.07
7,87,51,88,52,12.27
7,87,55,88,56,10.17
7,88,30,88,31,30.56
7,88,73,88,74,21.75
7,88,92,87,92,11.70
7,89,89,88,88,10.62
7,89,93,88,94,8.37
7,89,97,88,98,10.52
7,90,91,89,92,8.40
7,90,102,89,103,10.60
7,92,114,91,115,16.33
7,92,118,93,118,13.14
7,93,46,92,46,35.05
7,93,47,92,47,33.32
7,93,92,93,93,9.74
7,95,38,94,38,23.23
7,95,76,96,77,25.34
7,96,63,95,64,17.69
7,96,119,97,120,12.28
7,97,50,98,51,18.66
7,97,60,96,60,16.00
7,97,61,96,62,14.50
7,97,117,98,118,11.04
7,98,74,98,75,19.57
7,99,75,98,75,17.06
7,99,119,99,120,13.32
7,99,124,100,124,4.95
7,100,53,99,54,22.40
7,101,46,100,47,24.52
7,101,66,101,67,20.21
7,102,65,102,66,20.93
7,103,64,103,65,22.91
7,104,62,104,63,19.98
7,105,62,105,63,19.87
7,106,61,106,62,19.71
7,107,69,106,69,28.13
7,107,72,106,72,21.31
7,108,54,108,55,19.82
7,109,54,109,55,20.13
7,110,55,110,56,20.70
7,111,51,111,52,28.69
7,111,62,110,62,34.90
7,111,63,110,63,36.16
7,111,64,110,64,37.31
7,111,65,110,65,38.37
7,111,66,110,66,38.97
7,111,67,110,67,38.10
7,111,68,110,68,35.79
7,112,56,111,57,22.26
7,112,59,111,60,26.10
7,112,61,111,61,34.79
7,112,70,111,70,32.99
8,52,85,53,86,10.22
8,59,102,60,103,6.98
8,60,66,60,67,35.50
8,60,101,61,102,7.16
8,61,76,62,77,31.20
8,61,85,61,86,12.11
8,61,100,62,101,6.58
8,62,99,63,99,8.01
8,63,103,64,104,6.75
8,64,76,65,77,26.71
8,67,73,67,74,26.52
8,67,97,68,97,19.99
8,68,70,68,71,35.95
8,69,93,69,94,11.79
8,70,105,71,105,9.23
8,70,106,71,105,9.55
8,71,94,71,95,15.76
8,71,111,72,111,4.44
8,72,83,72,84,34.08
8,72,108,73,107,10.27
8,75,54,76,55,31.71
8,78,48,79,49,32.77
8,78,97,79,97,13.64
8,79,50,80,50,33.59
8,79,96,80,96,14.48
8,80,57,81,58,26.68
8,80,58,81,59,25.61
8,80,95,81,96,9.28
8,81,49,82,49,30.90
8,81,57,82,58,24.22
8,81,88,81,89,10.75
8,82,57,83,58,22.41
8,82,66,82,67,19.60
8,82,116,83,116,14.95
8,83,56,84,56,23.52
8,85,39,86,39,27.16
8,85,116,86,116,11.00
8,86,32,87,33,36.83
8,86,77,86,78,26.12
8,87,92,86,92,14.98
8,88,31,87,32,36.30
8,88,74,88,75,20.06
8,88,94,87,95,10.61
8,88,98,87,99,12.40
8,89,92,88,93,8.85
8,89,103,88,104,13.17
8,91,33,91,34,37.73
8,92,47,91,48,23.82
8,92,70,92,71,17.61
8,92,107,91,108,12.18
8,93,118,94,119,7.85
8,94,65,94,66,16.51
8,96,62,95,63,14.44
8,99,120,99,121,10.85
8,100,45,100,46,26.04
8,100,47,100,48,24.63
8,101,48,100,49,24.50
8,101,70,101,71,20.59
8,102,66,102,67,21.21
8,103,65,103,66,21.77
8,104,63,104,64,22.10
8,105,63,105,64,22.46
8,106,62,106,63,18.59
8,106,69,105,69,20.65
8,106,72,105,71,18.81
8,108,55,108,56,23.13
8,109,55,109,56,22.43
8,110,56,110,57,21.83
8,110,62,109,62,25.34
8,110,63,109,63,24.10
8,110,64,109,64,25.08
8,110,65,109,65,29.08
8,110,66,109,66,32.96
8,110,67,109,67,34.52
8,110,68,109,68,33.88
8,111,61,110,61,32.49
8,111,70,110,70,32.34
9,53,76,54,77,26.32
9,60,62,60,63,37.39
9,60,103,61,104,6.20
9,61,86,62,87,10.12
9,61,102,62,103,7.05
9,62,77,63,78,24.25
9,62,101,63,101,8.36
9,63,77,64,78,23.86
9,64,58,65,59,32.65
9,67,74,67,75,24.40
9,67,81,66,82,19.33
9,67,93,67,94,12.49
9,69,94,68,95,12.05
9,71,95,72,96,14.84
9,72,111,73,111,5.47
9,73,60,73,61,37.45
9,73,107,74,106,11.25
9,74,57,75,57,29.35
9,76,55,77,56,32.62
9,76,70,77,71,35.43
9,77,66,78,67,23.82
9,79,69,80,70,24.77
9,79,97,80,97,12.70
9,81,58,82,59,23.60
9,81,59,82,60,25.67
9,81,89,81,90,8.73
9,81,96,82,96,8.70
9,82,58,83,59,21.82
9,82,67,83,68,19.93
9,83,58,84,59,21.49
9,84,46,85,47,28.65
9,86,42,87,43,24.63
9,86,61,86,62,10.19
9,87,41,88,42,19.57
9,87,95,86,96,12.71
9,87,99,86,100,13.32
9,88,75,88,76,23.36
9,88,93,87,93,10.96
9,88,104,87,105,19.62
9,88,112,89,113,29.09
9,89,33,89,34,39.73
9,91,108,91,109,16.41
9,92,110,92,111,14.27
9,94,40,93,41,18.84
9,95,61,95,62,15.12
9,96,54,96,55,23.12
9,96,77,96,78,17.14
9,97,85,97,86,14.12
9,99,73,99,74,17.54
9,99,121,100,122,6.99
9,100,48,100,49,23.86
9,102,52,101,53,23.91
9,102,67,102,68,25.24
9,103,66,103,67,22.11
9,104,64,104,65,23.24
9,105,64,105,65,24.46
9,105,69,104,69,22.94
9,105,71,104,70,23.64
9,106,63,106,64,22.30
9,108,56,108,57,25.13
9,109,56,109,57,24.09
9,109,63,108,63,19.28
9,109,64,108,64,20.28
9,109,65,108,65,21.99
9,109,66,108,66,24.18
9,109,67,108,67,26.72
9,109,68,108,68,29.30
9,110,57,110,58,22.62
9,110,61,109,62,24.74
9,110,70,109,70,28.79
9,114,57,113,57,30.36
10,55,89,56,89,14.62
10,56,71,55,72,34.26
10,58,84,59,85,22.78
10,61,104,62,105,6.74
10,62,87,63,88,18.87
10,62,103,63,104,6.47
10,63,78,64,79,20.75
10,64,78,64,79,21.11
10,64,98,65,98,11.14
10,67,75,67,76,26.10
10,69,58,69,59,35.60
10,74,106,75,105,13.67
10,77,56,78,57,29.73
10,77,71,78,72,34.78
10,79,92,80,93,13.70
10,80,97,81,97,10.29
10,81,90,81,91,9.00
10,82,59,82,60,24.48
10,83,59,84,60,22.26
10,83,89,83,90,9.80
10,84,56,85,56,21.35
10,84,59,85,60,20.68
10,85,45,86,45,25.11
10,85,47,86,48,20.97
10,86,96,85,96,16.95
10,86,100,85,101,12.98
10,86,103,86,104,16.94
10,86,116,87,116,9.51
10,87,43,87,44,19.66
10,87,75,87,76,24.84
10,87,93,86,93,13.60
10,87,110,88,111,22.37
10,88,42,88,43,12.58
10,88,76,88,77,23.60
10,89,121,90,122,13.85
10,91,46,90,47,15.59
10,92,111,91,112,12.35
10,93,93,93,94,8.54
10,100,46,99,47,24.40
10,102,68,102,69,27.26
10,103,67,103,68,26.16
10,104,65,104,66,22.50
10,104,70,103,70,26.38
10,104,74,103,74,23.08
10,105,65,105,66,23.05
10,106,64,106,65,24.74
10,108,57,108,58,23.08
10,108,64,107,65,18.86
10,108,65,107,65,23.49
10,108,66,107,66,25.07
10,108,67,107,67,27.07
10,108,68,107,68,29.63
10,109,57,109,58,22.97
10,109,70,108,70,27.33
10,111,52,111,53,27.42
11,60,63,61,64,40.28
11,62,105,63,106,5.83
11,62,106,63,107,4.33
11,63,104,64,104,6.51
11,65,98,66,98,9.68
11,67,57,67,58,32.83
11,67,76,67,77,23.64
11,68,71,68,72,36.58
11,72,84,73,85,31.74
11,73,61,74,62,34.25
11,73,86,74,86,22.23
11,75,105,76,104,15.32
11,78,57,79,58,27.34
11,78,72,79,73,33.38
11,79,49,80,50,35.18
11,79,76,80,77,24.60
11,79,85,79,86,17.67
11,80,93,81,94,9.70
11,80,107,81,106,20.67
11,81,91,81,92,10.08
11,83,48,84,49,30.26
11,83,107,84,106,21.30
11,83,116,84,117,12.34
11,84,60,84,61,20.51
11,85,99,84,100,13.04
11,85,101,85,102,14.28
11,85,107,86,107,25.00
11,86,48,87,49,19.78
11,86,62,86,63,14.45
11,86,78,86,79,23.81
11,86,93,85,94,12.00
11,87,36,87,37,29.44
11,87,44,87,45,18.70
11,87,76,87,77,26.43
11,87,116,88,116,14.57
11,89,34,88,35,31.29
11,91,34,91,35,35.43
11,91,109,90,110,14.95
11,91,112,90,113,18.14
11,94,37,93,38,24.25
11,94,38,93,38,16.05
11,94,56,95,57,21.50
11,94,113,93,114,10.16
11,96,55,96,56,23.49
11,97,86,96,87,8.62
11,100,124,101,124,4.93
11,103,68,103,69,24.12
11,103,70,102,70,18.36
11,103,74,102,74,24.15
11,104,66,105,67,23.80
11,105,66,105,67,21.09
11,107,54,107,55,19.17
11,107,66,106,66,23.69
11,107,67,106,67,25.00
11,107,68,106,68,26.38
11,108,58,108,59,26.06
11,108,70,107,70,28.17
11,109,58,109,59,25.37
12,53,86,54,86,12.11
12,59,85,60,86,16.23
12,60,67,61,68,35.76
12,63,58,64,59,33.41
12,63,106,63,107,3.76
12,65,59,66,60,31.35
12,66,98,67,98,9.07
12,68,72,68,73,33.68
12,69,59,69,60,35.86
12,72,96,73,97,15.85
12,73,111,74,110,5.50
12,76,75,77,75,34.42
12,76,78,77,78,31.29
12,79,58,80,59,26.73
12,79,73,80,74,29.69
12,81,92,81,93,9.51
12,83,65,84,66,17.22
12,83,82,84,83,15.40
12,83,90,83,91,9.35
12,84,49,85,50,25.77
12,84,61,84,62,18.20
12,85,56,86,57,17.43
12,86,39,87,40,22.14
12,86,63,86,64,16.78
12,87,49,88,50,21.21
12,87,77,87,78,24.44
12,88,43,88,44,13.89
12,90,110,89,111,16.86
12,90,122,91,122,7.67
12,93,94,93,95,6.64
12,93,114,93,115,15.39
12,95,57,96,58,20.86
12,96,56,97,57,23.54
12,96,87,95,88,8.19
12,98,118,97,119,14.45
12,101,53,100,54,23.71
12,102,74,101,74,22.75
12,106,67,105,67,19.03
12,106,68,105,68,19.97
12,108,59,108,60,27.09
13,67,79,66,80,19.42
13,67,98,68,97,14.59
13,69,60,69,61,34.63
13,74,110,75,109,7.16
13,77,78,78,78,26.58
13,78,104,79,104,16.98
13,80,59,81,60,26.20
13,80,74,80,75,24.01
13,80,96,81,97,8.67
13,81,106,81,105,25.51
13,84,106,85,106,23.89
13,85,50,86,51,22.28
13,85,60,85,61,13.87
13,86,57,87,58,11.29
13,87,40,88,41,18.50
13,87,78,87,79,19.18
13,88,44,89,45,14.56
13,88,116,89,116,26.14
13,91,122,92,122,9.62
13,93,41,92,41,32.81
13,93,95,93,96,5.33
13,95,88,94,89,11.04
13,100,52,99,53,21.43
13,100,54,99,55,23.90
13,101,67,101,68,24.19
13,101,74,100,74,22.31
13,105,68,104,68,19.42
13,108,60,108,61,23.12
13,111,53,111,54,24.01
13,113,57,112,58,25.40
14,52,83,52,84,13.03
14,55,72,55,73,33.56
14,61,68,62,69,35.26
14,65,71,65,72,35.19
14,67,58,67,59,32.21
14,69,61,69,62,32.10
14,75,109,76,109,9.13
14,78,78,79,79,24.95
14,81,60,82,61,26.62
14,83,91,83,92,9.23
14,85,61,85,62,13.63
14,86,45,87,45,16.99
14,86,51,87,52,16.42
14,86,79,86,80,20.53
14,87,105,86,106,19.15
14,90,113,90,114,10.33
14,91,35,91,36,34.88
14,92,41,91,41,31.81
14,92,122,93,122,8.26
14,93,96,93,97,5.89
14,94,89,93,90,12.38
14,97,119,97,120,15.41
14,98,47,98,48,22.05
14,99,55,98,56,22.65
14,100,74,99,74,17.21
14,100,122,101,123,4.42
14,108,61,108,62,18.33
14,112,58,111,59,22.97
14,112,60,111,60,30.02
15,65,72,65,73,32.95
15,73,85,74,86,27.55
15,74,62,74,63,34.77
15,82,61,83,62,23.93
15,83,92,83,93,9.27
15,84,83,84,84,11.17
15,85,62,85,63,14.47
15,85,106,86,107,17.32
15,86,80,86,81,15.72
15,87,37,87,38,23.12
15,87,52,88,53,10.66
15,89,45,90,46,10.78
15,89,111,89,112,12.85
15,89,116,90,115,33.19
15,92,46,91,47,27.06
15,93,90,92,91,11.62
15,93,97,93,98,5.08
15,93,115,93,116,16.85
15,93,122,94,122,7.68
15,98,48,98,49,21.12
15,111,59,110,60,26.69
16,61,64,61,65,37.52
16,63,99,64,100,10.15
16,64,59,65,60,32.02
16,67,59,68,60,34.46
16,83,62,84,63,19.98
16,83,93,84,94,9.16
16,85,63,86,64,16.52
16,88,77,88,78,19.18
16,91,36,91,37,32.32
16,91,47,91,48,14.28
16,92,91,91,92,10.06
16,93,98,92,99,4.48
16,94,122,95,122,6.69
16,96,58,96,59,17.90
16,98,49,98,50,18.00
16,99,47,99,48,23.21
16,107,55,107,56,23.51
17,63,101,64,101,9.46
17,74,63,74,64,36.37
17,75,57,76,57,31.23
17,82,49,83,50,30.29
17,87,32,87,33,40.91
17,90,115,91,116,16.23
17,91,92,90,93,7.94
17,93,116,93,117,14.61
17,95,122,96,121,6.96
17,98,50,98,51,18.26
17,99,48,99,49,21.73
17,107,56,107,57,26.52
17,107,70,106,70,27.89
17,111,54,111,55,22.03
18,55,73,55,74,29.56
18,60,86,61,87,10.74
18,61,65,62,66,34.57
18,64,100,65,101,9.44
18,64,101,65,101,8.43
18,68,60,68,61,34.34
18,68,73,68,74,29.60
18,71,105,72,105,11.52
18,74,64,75,65,30.45
18,76,109,77,108,8.19
18,77,75,78,76,29.91
18,79,86,79,87,13.67
18,80,75,80,76,19.76
18,83,50,84,51,28.75
18,84,84,85,85,10.89
18,84,94,85,95,10.17
18,84,117,85,117,11.64
18,88,78,87,79,16.05
18,90,93,89,94,6.78
18,92,99,92,100,9.61
18,99,49,99,50,19.02
18,101,123,102,124,4.67
18,107,57,107,58,25.28
19,61,87,62,88,9.77
19,73,97,73,98,15.88
19,77,108,78,107,11.43
19,78,76,79,77,29.51
19,84,51,85,52,26.54
19,85,117,86,117,9.33
19,89,94,88,95,8.82
19,92,100,92,101,8.96
19,96,121,97,121,10.40
19,99,50,99,51,18.32
19,100,49,100,50,21.41
19,101,68,102,69,26.88
19,106,70,105,70,23.43
19,107,58,107,59,26.97
19,109,62,108,63,18.12
20,65,60,66,60,30.36
20,78,107,79,106,16.67
20,79,77,80,78,19.70
20,79,79,80,80,23.37
20,86,117,87,118,7.47
20,88,50,88,51,10.55
20,88,95,87,96,10.60
20,91,37,90,38,27.97
20,97,121,98,121,6.69
20,107,59,107,60,27.44
21,55,74,54,75,27.09
21,56,89,57,89,8.67
21,64,104,65,105,5.86
21,68,74,68,75,28.68
21,79,106,80,105,26.35
21,80,50,81,50,32.62
21,82,60,83,61,24.57
21,87,38,88,39,18.98
21,87,58,88,59,5.61
21,87,96,86,97,12.40
21,87,118,88,119,15.35
21,91,116,92,117,9.51
21,105,70,104,69,23.54
21,107,60,107,61,24.55
21,111,55,111,56,20.97
22,64,79,64,80,20.29
22,86,97,85,97,16.33
22,88,119,89,120,17.70
22,92,101,92,102,7.84
22,107,61,107,62,20.00
22,107,65,106,66,21.04
22,111,56,111,57,20.08
23,68,97,69,97,19.20
23,76,57,77,58,31.18
23,81,50,82,51,30.82
23,83,61,84,62,20.83
23,89,120,90,120,16.52
23,92,117,93,117,9.42
23,107,62,108,63,18.37
23,111,60,110,60,29.66
24,52,84,53,85,10.52
24,62,66,62,67,35.01
24,72,105,73,105,11.50
24,82,51,83,52,30.02
24,90,120,91,120,18.16
24,92,102,91,103,7.93
24,93,38,92,39,18.09
25,53,85,54,86,9.51
25,62,88,63,88,19.31
25,63,107,63,108,2.73
25,68,75,68,76,28.39
25,81,97,82,98,8.58
25,88,51,88,52,6.86
25,90,38,90,39,22.91
25,91,103,90,104,9.92
25,91,120,92,120,13.64
25,92,39,91,40,31.84
25,100,50,99,51,19.95
26,54,75,54,76,29.40
26,62,67,62,68,36.18
26,77,58,78,58,28.10
26,90,39,90,40,16.98
26,90,104,89,105,10.41
26,92,120,93,119,7.52
26,98,51,98,52,20.04
27,62,68,62,69,34.12
27,79,87,79,88,11.59
27,87,33,88,34,34.88
27,89,105,88,106,15.24
27,90,40,90,41,15.18
27,98,52,98,53,21.60
28,73,98,74,99,12.87
28,88,106,87,107,19.47
28,90,41,90,42,14.09
28,93,119,94,119,13.62
28,98,53,98,54,21.38
29,68,76,67,77,25.26
29,73,105,74,105,11.32
29,87,107,87,108,15.58
29,98,54,98,55,21.08
30,54,76,54,77,25.55
30,65,105,66,105,4.66
30,88,34,88,35,29.19
30,91,48,90,49,14.34
31,66,105,67,104,4.10
31,74,86,75,87,21.01
31,87,45,88,46,11.01
31,102,69,102,70,21.50
31,111,57,110,58,20.83
32,79,88,79,89,10.54
32,91,40,91,41,22.09
32,104,69,103,69,20.08
33,78,58,79,59,27.10
33,83,52,84,52,27.96
33,87,79,87,80,16.31
33,88,46,88,47,11.30
34,74,105,75,104,12.77
34,79,59,80,60,27.39
34,82,98,83,99,11.42
35,66,60,67,61,28.36
35,79,89,79,90,9.55
35,80,60,81,61,27.27
35,88,47,89,48,21.50
36,81,61,82,62,26.44
36,84,52,85,52,25.32
36,87,80,86,81,14.30
37,75,87,76,88,16.27
37,82,62,83,63,25.17
37,84,62,84,63,16.02
38,65,101,66,101,6.85
38,83,63,84,64,21.09
39,66,101,67,101,5.75
39,94,119,95,120,8.56
40,67,61,68,61,30.10
40,67,101,68,101,6.81
40,67,104,68,104,5.36
40,83,99,84,100,10.23
40,87,108,87,109,6.93
40,90,49,89,50,10.29
41,68,104,69,104,6.48
42,67,77,66,78,17.83
42,69,104,70,104,7.43
42,76,88,77,89,17.44
42,79,90,80,91,8.75
42,110,58,109,59,24.08
43,62,69,63,70,30.54
43,66,78,66,79,19.54
43,68,101,69,101,7.34
43,70,104,71,104,9.27
43,88,35,88,36,28.72
44,54,77,54,78,18.83
44,66,79,66,80,16.23
44,69,101,70,102,6.98
44,88,36,88,37,26.39
45,88,37,88,38,20.75
46,88,38,88,39,16.28
46,95,120,96,120,9.09
46,99,51,99,52,18.83
46,110,60,109,61,25.79
47,54,86,55,87,9.89
47,70,102,71,101,8.30
47,99,52,99,53,20.88
48,55,87,56,88,9.90
48,71,104,72,104,10.81
49,71,101,72,101,10.40
49,77,89,78,90,14.30
50,54,78,54,79,18.49
50,72,104,73,104,12.52
51,72,101,73,100,13.10
52,56,88,57,89,9.00
52,63,70,64,71,30.11
52,73,100,74,99,20.13
52,73,104,74,104,12.54
52,91,41,90,42,19.55
53,86,81,86,82,11.92
54,54,79,54,80,19.97
54,74,104,75,104,12.63
54,78,90,79,91,11.19
55,79,91,80,92,10.08
55,84,63,84,64,16.97
55,109,59,109,60,27.54
56,86,82,85,83,10.78
56,109,60,109,61,23.53
57,85,52,86,52,19.61
58,54,80,54,81,20.27
59,54,81,54,82,17.89
59,66,80,66,81,10.54
60,54,82,54,83,15.56
60,66,81,66,82,13.34
61,54,83,55,84,14.22
61,64,71,64,72,33.58
61,68,61,69,62,30.04
61,86,52,87,53,13.45
62,87,53,88,54,10.71
62,99,53,99,54,20.27
64,85,83,85,84,10.07
65,85,84,85,85,10.11
68,55,84,56,85,13.51
69,64,72,65,73,31.36
69,88,39,88,40,13.43
71,99,54,98,55,19.66
72,66,82,66,83,14.60
73,56,85,57,86,12.71
74,57,86,58,87,12.77
75,58,87,59,87,10.72
75,88,40,88,41,14.91
78,57,89,58,89,5.41
78,59,87,60,88,9.70
78,66,83,65,84,13.26
79,60,88,60,89,8.60
81,58,89,59,89,6.06
81,65,84,65,85,16.72
82,69,62,70,63,27.45
85,65,85,65,86,15.23
85,85,85,85,86,9.27
88,65,73,65,74,28.21
88,70,63,71,63,27.72
88,85,86,85,87,9.79
89,59,89,60,89,8.50
89,85,87,85,88,9.90
89,90,42,90,43,10.40
90,75,104,76,104,15.36
90,85,88,85,89,9.79
90,88,41,89,42,14.60
91,85,89,86,90,9.56
91,89,42,90,43,9.97
93,65,86,65,87,13.38
93,86,90,86,91,8.54
94,65,87,65,88,13.81
95,84,64,84,65,17.68
96,84,65,84,66,13.91
97,65,74,65,75,23.11
97,65,88,65,89,17.06
99,65,89,65,90,16.94
100,71,63,72,64,26.69
101,65,90,65,91,11.63
102,98,55,98,56,20.88
103,76,104,77,103,16.41
104,109,61,108,62,17.63
105,65,75,65,76,20.90
105,77,103,78,103,14.30
106,65,76,65,77,23.17
110,72,64,73,64,26.64
110,84,66,84,67,13.60
116,65,77,65,78,21.22
119,73,64,74,65,25.50
120,108,62,108,63,17.30
121,65,78,65,79,18.81
121,98,56,97,57,18.41
122,65,79,64,80,15.21
126,74,65,75,65,25.95
141,97,57,97,58,17.33
148,97,58,96,59,14.53
152,75,65,76,66,26.10
153,64,80,63,81,15.58
154,76,66,77,67,26.56
159,77,67,78,67,26.15
165,63,81,63,82,22.55
170,96,59,96,60,15.16
172,60,89,61,90,7.73
173,63,82,63,83,16.96
174,78,67,79,68,23.62
175,108,63,107,64,15.95
177,107,64,106,65,19.90
178,61,90,62,90,14.93
179,79,68,80,69,24.27
180,63,83,63,84,14.55
181,80,69,80,70,21.50
182,62,90,63,90,20.54
182,63,84,63,85,13.50
183,63,90,64,90,19.05
184,63,85,63,86,12.74
185,96,60,96,61,11.40
186,90,43,90,44,9.48
186,96,61,95,62,10.89
187,63,86,63,87,11.78
188,63,87,63,88,13.31
188,90,44,90,45,11.28
189,90,45,90,46,13.21
189,106,65,106,66,19.68
201,80,70,81,71,18.76
201,95,62,95,63,14.42
202,81,71,81,72,20.00
206,90,46,90,47,14.06
215,95,63,95,64,15.19
219,90,47,89,48,16.43
225,106,66,105,67,16.59
226,63,88,64,89,13.87
228,64,89,64,90,17.17
233,95,64,95,65,14.71
239,95,65,94,66,15.10
253,94,66,94,67,15.15
257,89,48,89,49,18.38
258,89,49,89,50,8.98
263,105,67,104,68,15.26
265,94,67,93,68,13.59
274,93,68,93,69,16.96
279,104,68,103,69,14.91
282,93,69,93,70,13.04
286,93,70,92,71,13.19
300,92,71,92,72,13.73
301,89,50,89,51,8.23
307,89,51,88,52,10.88
311,92,72,91,73,11.59
321,91,73,91,74,15.68
325,103,69,102,70,12.75
328,91,74,91,75,11.36
330,91,75,90,76,13.57
332,90,76,90,77,17.98
333,90,77,91,78,14.57
338,91,78,91,79,18.18
341,91,79,91,80,16.94
342,88,52,88,53,5.83
342,91,80,90,81,16.38
345,90,81,90,82,14.80
350,90,82,90,83,12.26
351,90,83,89,84,10.29
356,89,84,89,85,11.85
362,88,53,88,54,6.67
370,102,70,101,71,10.78
384,101,71,100,72,11.23
391,100,72,100,73,15.32
400,100,73,99,74,12.91
417,64,90,65,91,13.07
426,99,74,98,75,9.06
432,88,54,88,55,8.04
437,88,55,88,56,8.98
445,98,75,97,76,12.16
448,88,56,88,57,9.21
449,97,76,97,77,20.05
454,88,57,88,58,9.17
457,88,58,88,59,9.06
470,97,77,96,78,11.10
482,88,59,88,60,9.98
485,88,60,88,61,11.22
487,88,61,87,62,12.28
487,96,78,95,79,8.41
488,87,62,87,63,12.95
493,87,63,86,64,16.26
496,95,79,94,80,10.93
502,94,80,93,80,14.22
511,93,80,92,81,14.26
513,92,81,92,82,11.28
521,65,91,66,92,10.33
524,92,82,91,83,10.41
526,86,64,85,65,13.32
527,91,83,90,84,11.73
528,85,65,85,66,11.40
528,90,84,89,85,9.87
534,85,66,84,67,13.49
535,66,92,66,93,9.49
547,66,93,67,94,10.81
560,67,94,68,95,7.93
572,68,95,68,96,10.52
580,68,96,69,97,11.30
607,69,97,70,98,9.82
623,70,98,71,98,9.74
625,71,98,72,98,8.69
626,72,98,73,99,11.30
632,73,99,74,99,13.65
655,84,67,83,68,15.11
667,83,68,83,69,17.98
672,83,69,83,70,18.09
678,83,70,82,71,22.98
684,82,71,81,72,16.26
721,74,99,75,100,6.24
723,75,100,76,100,10.83
730,76,100,76,101,16.68
736,76,101,77,102,9.22
745,77,102,78,103,7.06
856,78,103,79,104,9.42
879,79,104,80,105,7.21
886,89,85,89,86,8.06
889,81,72,81,73,15.75
894,81,73,81,74,14.54
901,89,86,89,87,9.12
902,81,74,81,75,17.38
905,89,87,88,88,11.62
906,81,75,80,76,19.53
912,80,105,81,105,17.08
916,88,88,87,89,9.03
926,80,76,80,77,12.88
931,81,105,82,105,10.25
932,87,89,87,90,8.81
933,82,105,83,104,10.64
934,87,90,86,91,11.78
936,83,104,84,104,16.00
940,84,104,85,105,11.83
941,80,77,80,78,14.75
942,85,105,86,106,12.71
964,80,78,80,79,16.73
974,80,79,80,80,14.24
997,80,80,80,81,14.30
1004,80,81,80,82,16.25
1007,80,82,80,83,17.22
1008,80,83,80,84,17.69
1012,80,84,80,85,15.64
1013,80,85,80,86,12.68
1014,80,86,80,87,10.81
1015,80,87,80,88,11.15
1016,80,88,80,89,10.74
1017,80,89,80,90,9.34
1018,80,90,80,91,8.92
1030,86,91,86,92,8.37
1044,86,92,85,93,9.40
1053,85,93,85,94,8.59
1062,80,91,80,92,9.63
1068,85,94,85,95,9.10
1088,85,95,85,96,10.53
1103,85,96,85,97,11.71
1119,80,92,81,93,9.47
1127,85,97,84,98,11.91
1130,84,98,84,99,7.55
1133,81,93,81,94,8.42
1146,81,94,82,95,8.81
1151,82,95,82,96,9.75
1163,82,96,83,97,8.26
1166,83,97,83,98,8.22
1168,83,98,84,99,8.55
2301,84,99,84,100,7.14
2356,84,100,84,101,5.47
2362,84,101,85,102,8.28
2381,85,102,85,103,10.71
2386,85,103,86,104,8.95
2402,86,104,86,105,13.13
2407,86,105,86,106,9.65
3366,86,106,86,107,5.52
3396,86,107,86,108,7.53
3404,86,108,87,109,19.40
3447,87,109,88,110,10.59
3456,88,110,88,111,5.63
3470,88,111,89,112,13.01
3489,89,112,89,113,4.41
3501,89,113,90,114,20.89
3525,90,114,91,115,4.28
3535,91,115,92,116,4.91
3537,92,116,93,117,6.67
3580,93,117,94,118,6.79
3588,94,118,95,119,6.41
3589,95,119,96,120,5.22
3637,96,120,97,120,5.10
3661,97,120,98,121,5.57
3685,98,121,99,122,4.83
3689,99,122,100,123,4.11
3694,100,123,101,124,4.30
3707,101,124,102,124,3.55
3730,102,124,103,125,4.41
3732,103,125,104,125,3.47
3738,104,125,105,126,3.16
